,predicate,object
0,HAS_ROUTE,9487
1,HAS_ROUTE,8637
2,ON_CONTINENT,17250
3,HAS_ROUTE,8642
4,HAS_ROUTE,8694
5,HAS_ROUTE,8640
6,HAS_ROUTE,8634
7,HAS_ROUTE,9908
8,HAS_ROUTE,9450
9,ON_CONTINENT,17252
10,HAS_ROUTE,8972
11,IN_COUNTRY,17227
12,ON_CONTINENT,17248
13,HAS_ROUTE,8854
14,IN_COUNTRY,17135
15,ON_CONTINENT,17248
16,IN_REGION,15510
17,HAS_ROUTE,8705
18,HAS_ROUTE,8641
19,HAS_ROUTE,10792
20,ON_CONTINENT,17253
21,HAS_ROUTE,8791
22,HAS_ROUTE,10929
23,IN_REGION,16227
24,ON_CONTINENT,17248
25,HAS_ROUTE,9114
26,HAS_ROUTE,8762
27,IN_CITY,14321
28,IN_COUNTRY,17053
29,IN_COUNTRY,17016
30,IN_CITY,12395
31,IN_COUNTRY,17036
32,HAS_ROUTE,9283
33,HAS_ROUTE,11899
34,IN_COUNTRY,17016
35,HAS_ROUTE,8758
36,HAS_ROUTE,8888
37,HAS_ROUTE,9496
38,HAS_ROUTE,8840
39,IN_CITY,12299
40,ON_CONTINENT,17249
41,HAS_ROUTE,8767
42,HAS_ROUTE,10256
43,HAS_ROUTE,8913
44,IN_REGION,16167
45,HAS_ROUTE,8648
46,IN_COUNTRY,17143
47,IN_REGION,16613
48,IN_COUNTRY,17016
49,HAS_ROUTE,9410
50,HAS_ROUTE,10799
51,HAS_ROUTE,9900
52,HAS_ROUTE,8950
53,IN_CITY,13132
54,HAS_ROUTE,8682
55,HAS_ROUTE,10518
56,IN_REGION,16203
57,HAS_ROUTE,9789
58,IN_REGION,15752
59,HAS_ROUTE,9211
60,HAS_ROUTE,8874
61,IN_REGION,15490
62,HAS_ROUTE,9420
63,ON_CONTINENT,17250
64,IN_REGION,15518
65,HAS_ROUTE,8820
66,HAS_ROUTE,9206
67,HAS_ROUTE,9442
68,HAS_ROUTE,8678
69,HAS_ROUTE,8660
70,HAS_ROUTE,9037
71,HAS_ROUTE,9353
72,IN_REGION,15577
73,IN_COUNTRY,17053
74,HAS_ROUTE,8642
75,ON_CONTINENT,17250
76,ON_CONTINENT,17251
77,HAS_ROUTE,8674
78,HAS_ROUTE,8979
79,HAS_ROUTE,8668
80,HAS_ROUTE,9181
81,HAS_ROUTE,8639
82,HAS_ROUTE,8911
83,IN_REGION,16568
84,IN_COUNTRY,17027
85,IN_COUNTRY,17103
86,HAS_ROUTE,8831
87,HAS_ROUTE,8666
88,IN_CITY,15051
89,IN_COUNTRY,17044
90,HAS_ROUTE,8962
91,HAS_ROUTE,9542
92,HAS_ROUTE,8797
93,ON_CONTINENT,17250
94,HAS_ROUTE,8682
95,HAS_ROUTE,8797
96,HAS_ROUTE,10063
97,ON_CONTINENT,17249
98,HAS_ROUTE,9286
99,HAS_ROUTE,8931
100,IN_COUNTRY,17027
101,HAS_ROUTE,8695
102,HAS_ROUTE,9119
103,HAS_ROUTE,8693
104,IN_COUNTRY,17150
105,HAS_ROUTE,8644
106,ON_CONTINENT,17252
107,IN_REGION,15618
108,HAS_ROUTE,8636
109,HAS_ROUTE,9108
110,HAS_ROUTE,8963
111,ON_CONTINENT,17250
112,HAS_ROUTE,8729
113,HAS_ROUTE,11600
114,HAS_ROUTE,8630
115,IN_REGION,15811
116,IN_COUNTRY,17044
117,HAS_ROUTE,9352
118,HAS_ROUTE,9119
119,HAS_ROUTE,9303
120,HAS_ROUTE,8656
121,ON_CONTINENT,17250
122,HAS_ROUTE,8710
123,IN_REGION,16750
124,HAS_ROUTE,8788
125,HAS_ROUTE,8963
126,HAS_ROUTE,8814
127,IN_CITY,14239
128,HAS_ROUTE,9798
129,IN_CITY,12523
130,IN_COUNTRY,17016
131,HAS_ROUTE,9802
132,HAS_ROUTE,8874
133,IN_REGION,16572
134,IN_REGION,15943
135,HAS_ROUTE,8674
136,HAS_ROUTE,8727
137,HAS_ROUTE,8787
138,HAS_ROUTE,8681
139,HAS_ROUTE,9452
140,HAS_ROUTE,8963
141,HAS_ROUTE,8631
142,HAS_ROUTE,8686
143,HAS_ROUTE,9253
144,HAS_ROUTE,9653
145,HAS_ROUTE,9794
146,HAS_ROUTE,8798
147,IN_REGION,16178
148,HAS_ROUTE,8885
149,ON_CONTINENT,17250
150,IN_COUNTRY,17042
151,HAS_ROUTE,8631
152,ON_CONTINENT,17249
153,IN_COUNTRY,17114
154,HAS_ROUTE,8968
155,HAS_ROUTE,8637
156,IN_COUNTRY,17090
157,ON_CONTINENT,17250
158,HAS_ROUTE,8827
159,IN_REGION,16540
160,IN_REGION,15498
161,IN_COUNTRY,17016
162,HAS_ROUTE,8722
163,IN_COUNTRY,17016
164,IN_REGION,16639
165,IN_CITY,15366
166,HAS_ROUTE,8680
167,HAS_ROUTE,10807
168,HAS_ROUTE,9352
169,HAS_ROUTE,8655
170,HAS_ROUTE,9366
171,HAS_ROUTE,9336
172,HAS_ROUTE,11032
173,HAS_ROUTE,11601
174,HAS_ROUTE,9106
175,ON_CONTINENT,17250
176,HAS_ROUTE,11181
177,HAS_ROUTE,10151
178,HAS_ROUTE,8832
179,HAS_ROUTE,8760
180,HAS_ROUTE,8901
181,HAS_ROUTE,11083
182,IN_REGION,15514
183,ON_CONTINENT,17250
184,HAS_ROUTE,10698
185,IN_CITY,14808
186,HAS_ROUTE,11278
187,HAS_ROUTE,8677
188,HAS_ROUTE,8687
189,IN_COUNTRY,17107
190,IN_COUNTRY,17046
191,IN_REGION,15501
192,HAS_ROUTE,8832
193,HAS_ROUTE,8720
194,HAS_ROUTE,9230
195,HAS_ROUTE,8804
196,HAS_ROUTE,8945
197,HAS_ROUTE,9145
198,HAS_ROUTE,8793
199,HAS_ROUTE,9934
200,HAS_ROUTE,8741
201,HAS_ROUTE,8677
202,IN_COUNTRY,17016
203,HAS_ROUTE,8677
204,HAS_ROUTE,10529
205,HAS_ROUTE,8799
206,IN_COUNTRY,17019
207,IN_REGION,16474
208,HAS_ROUTE,8805
209,HAS_ROUTE,8684
210,HAS_ROUTE,9303
211,HAS_ROUTE,8787
212,HAS_ROUTE,8638
213,HAS_ROUTE,8697
214,HAS_ROUTE,9630
215,HAS_ROUTE,11921
216,HAS_ROUTE,8804
217,IN_COUNTRY,17155
218,HAS_ROUTE,9507
219,IN_COUNTRY,17240
220,IN_REGION,15877
221,HAS_ROUTE,8643
222,HAS_ROUTE,11348
223,ON_CONTINENT,17252
224,HAS_ROUTE,8767
225,HAS_ROUTE,8783
226,HAS_ROUTE,8716
227,HAS_ROUTE,8633
228,IN_COUNTRY,17197
229,HAS_ROUTE,9452
230,HAS_ROUTE,8811
231,HAS_ROUTE,9141
232,HAS_ROUTE,8720
233,IN_COUNTRY,17016
234,HAS_ROUTE,10467
235,HAS_ROUTE,8832
236,HAS_ROUTE,8648
237,HAS_ROUTE,9460
238,HAS_ROUTE,10680
239,HAS_ROUTE,8734
240,HAS_ROUTE,9412
241,HAS_ROUTE,8978
242,IN_REGION,16074
243,HAS_ROUTE,9262
244,HAS_ROUTE,8692
245,HAS_ROUTE,8710
246,HAS_ROUTE,9851
247,IN_REGION,16625
248,HAS_ROUTE,9080
249,HAS_ROUTE,8647
250,IN_COUNTRY,17040
251,HAS_ROUTE,11401
252,HAS_ROUTE,9316
253,HAS_ROUTE,8702
254,HAS_ROUTE,9166
255,HAS_ROUTE,9804
256,HAS_ROUTE,8636
257,ON_CONTINENT,17248
258,HAS_ROUTE,9015
259,ON_CONTINENT,17251
260,HAS_ROUTE,9187
261,HAS_ROUTE,8694
262,HAS_ROUTE,8734
263,HAS_ROUTE,10142
264,ON_CONTINENT,17252
265,IN_REGION,16404
266,HAS_ROUTE,8721
267,HAS_ROUTE,9102
268,ON_CONTINENT,17250
269,IN_REGION,15767
270,IN_COUNTRY,17023
271,HAS_ROUTE,8963
272,HAS_ROUTE,8711
273,IN_CITY,12911
274,IN_CITY,13347
275,IN_REGION,16086
276,HAS_ROUTE,8945
277,HAS_ROUTE,8700
278,HAS_ROUTE,9529
279,IN_REGION,15894
280,ON_CONTINENT,17252
281,HAS_ROUTE,8650
282,HAS_ROUTE,8892
283,HAS_ROUTE,11531
284,HAS_ROUTE,9949
285,HAS_ROUTE,8644
286,HAS_ROUTE,9139
287,HAS_ROUTE,10150
288,HAS_ROUTE,8684
289,HAS_ROUTE,9300
290,HAS_ROUTE,9023
291,HAS_ROUTE,8831
292,HAS_ROUTE,9978
293,IN_CITY,15139
294,HAS_ROUTE,9137
295,HAS_ROUTE,9160
296,HAS_ROUTE,9359
297,HAS_ROUTE,10171
298,HAS_ROUTE,9077
299,HAS_ROUTE,9521
300,HAS_ROUTE,10128
301,ON_CONTINENT,17248
302,IN_REGION,15859
303,ON_CONTINENT,17250
304,HAS_ROUTE,9005
305,HAS_ROUTE,9685
306,ON_CONTINENT,17248
307,HAS_ROUTE,8913
308,IN_REGION,16609
309,HAS_ROUTE,8731
310,IN_COUNTRY,17087
311,HAS_ROUTE,8673
312,HAS_ROUTE,9130
313,HAS_ROUTE,8657
314,ON_CONTINENT,17248
315,HAS_ROUTE,10440
316,HAS_ROUTE,9121
317,HAS_ROUTE,8633
318,HAS_ROUTE,9295
319,HAS_ROUTE,8832
320,HAS_ROUTE,8831
321,ON_CONTINENT,17249
322,HAS_ROUTE,8735
323,IN_COUNTRY,17053
324,IN_COUNTRY,17129
325,IN_COUNTRY,17044
326,IN_CITY,14018
327,IN_COUNTRY,17228
328,HAS_ROUTE,8955
329,ON_CONTINENT,17248
330,HAS_ROUTE,9807
331,IN_COUNTRY,17019
332,IN_REGION,16092
333,ON_CONTINENT,17250
334,HAS_ROUTE,8824
335,IN_REGION,15906
336,HAS_ROUTE,9670
337,HAS_ROUTE,9147
338,ON_CONTINENT,17250
339,ON_CONTINENT,17252
340,IN_COUNTRY,17053
341,HAS_ROUTE,8709
342,HAS_ROUTE,8988
343,HAS_ROUTE,8925
344,HAS_ROUTE,8713
345,HAS_ROUTE,10034
346,IN_CITY,14399
347,IN_COUNTRY,17032
348,HAS_ROUTE,9829
349,HAS_ROUTE,8964
350,IN_CITY,12724
351,ON_CONTINENT,17248
352,HAS_ROUTE,8700
353,IN_REGION,15635
354,HAS_ROUTE,8639
355,HAS_ROUTE,9112
356,HAS_ROUTE,8751
357,IN_REGION,15490
358,HAS_ROUTE,8706
359,HAS_ROUTE,8955
360,HAS_ROUTE,8972
361,HAS_ROUTE,9531
362,HAS_ROUTE,8712
363,HAS_ROUTE,8925
364,IN_REGION,16142
365,HAS_ROUTE,9357
366,IN_COUNTRY,17031
367,HAS_ROUTE,10075
368,HAS_ROUTE,9461
369,HAS_ROUTE,8772
370,HAS_ROUTE,8696
371,IN_REGION,16013
372,HAS_ROUTE,8675
373,IN_COUNTRY,17126
374,HAS_ROUTE,8706
375,HAS_ROUTE,10390
376,IN_COUNTRY,17053
377,ON_CONTINENT,17250
378,HAS_ROUTE,8794
379,IN_REGION,15511
380,HAS_ROUTE,8646
381,HAS_ROUTE,8813
382,IN_CITY,12198
383,HAS_ROUTE,9181
384,HAS_ROUTE,8683
385,HAS_ROUTE,9048
386,HAS_ROUTE,8798
387,HAS_ROUTE,8674
388,HAS_ROUTE,11348
389,ON_CONTINENT,17250
390,HAS_ROUTE,8698
391,HAS_ROUTE,8736
392,HAS_ROUTE,8677
393,HAS_ROUTE,8797
394,HAS_ROUTE,9771
395,HAS_ROUTE,8641
396,HAS_ROUTE,8660
397,HAS_ROUTE,11943
398,IN_REGION,16116
399,HAS_ROUTE,8701
400,ON_CONTINENT,17250
401,IN_REGION,15490
402,IN_REGION,15885
403,HAS_ROUTE,8702
404,HAS_ROUTE,8902
405,HAS_ROUTE,8928
406,ON_CONTINENT,17251
407,HAS_ROUTE,9077
408,ON_CONTINENT,17249
409,HAS_ROUTE,11289
410,HAS_ROUTE,8627
411,HAS_ROUTE,9149
412,HAS_ROUTE,8815
413,HAS_ROUTE,8769
414,HAS_ROUTE,8671
415,IN_COUNTRY,17106
416,ON_CONTINENT,17250
417,HAS_ROUTE,8643
418,HAS_ROUTE,8716
419,HAS_ROUTE,8677
420,IN_REGION,15563
421,ON_CONTINENT,17249
422,HAS_ROUTE,9526
423,IN_COUNTRY,17170
424,HAS_ROUTE,8638
425,IN_REGION,16496
426,HAS_ROUTE,9123
427,HAS_ROUTE,8703
428,IN_REGION,16102
429,HAS_ROUTE,11918
430,HAS_ROUTE,11900
431,ON_CONTINENT,17250
432,HAS_ROUTE,8864
433,HAS_ROUTE,9352
434,HAS_ROUTE,8787
435,HAS_ROUTE,8679
436,HAS_ROUTE,8765
437,HAS_ROUTE,9352
438,HAS_ROUTE,8673
439,HAS_ROUTE,8641
440,HAS_ROUTE,9499
441,HAS_ROUTE,8966
442,HAS_ROUTE,9864
443,HAS_ROUTE,10055
444,IN_CITY,12764
445,IN_REGION,15913
446,HAS_ROUTE,9010
447,HAS_ROUTE,9812
448,HAS_ROUTE,11531
449,HAS_ROUTE,8632
450,HAS_ROUTE,9997
451,HAS_ROUTE,8710
452,HAS_ROUTE,8830
453,HAS_ROUTE,8922
454,HAS_ROUTE,10714
455,IN_CITY,13038
456,IN_REGION,15728
457,HAS_ROUTE,10556
458,IN_COUNTRY,17180
459,HAS_ROUTE,9545
460,IN_REGION,15957
461,HAS_ROUTE,12071
462,HAS_ROUTE,8672
463,HAS_ROUTE,8929
464,ON_CONTINENT,17253
465,IN_COUNTRY,17242
466,HAS_ROUTE,8763
467,IN_COUNTRY,17093
468,IN_REGION,15683
469,HAS_ROUTE,8804
470,IN_REGION,16231
471,HAS_ROUTE,8678
472,HAS_ROUTE,8643
473,HAS_ROUTE,10495
474,HAS_ROUTE,9427
475,HAS_ROUTE,9595
476,HAS_ROUTE,8639
477,HAS_ROUTE,8902
478,HAS_ROUTE,9112
479,IN_CITY,15013
480,HAS_ROUTE,10047
481,IN_CITY,13285
482,IN_COUNTRY,17046
483,HAS_ROUTE,8759
484,HAS_ROUTE,9664
485,HAS_ROUTE,8922
486,ON_CONTINENT,17250
487,IN_COUNTRY,17098
488,HAS_ROUTE,8696
489,IN_COUNTRY,17187
490,IN_CITY,13933
491,IN_COUNTRY,17090
492,HAS_ROUTE,8774
493,IN_COUNTRY,17032
494,HAS_ROUTE,8945
495,IN_COUNTRY,17016
496,HAS_ROUTE,8668
497,ON_CONTINENT,17250
498,HAS_ROUTE,9136
499,HAS_ROUTE,8812
500,HAS_ROUTE,8819
501,HAS_ROUTE,8695
502,HAS_ROUTE,8944
503,HAS_ROUTE,9410
504,HAS_ROUTE,9295
505,HAS_ROUTE,8676
506,HAS_ROUTE,8729
507,HAS_ROUTE,9071
508,HAS_ROUTE,10704
509,HAS_ROUTE,9529
510,HAS_ROUTE,9108
511,IN_COUNTRY,17106
512,HAS_ROUTE,8881
513,HAS_ROUTE,10129
514,HAS_ROUTE,8802
515,HAS_ROUTE,8653
516,HAS_ROUTE,11923
517,HAS_ROUTE,8964
518,IN_REGION,16416
519,HAS_ROUTE,8857
520,ON_CONTINENT,17248
521,HAS_ROUTE,8671
522,HAS_ROUTE,8678
523,HAS_ROUTE,9117
524,HAS_ROUTE,8747
525,IN_COUNTRY,17113
526,IN_COUNTRY,17139
527,IN_CITY,12492
528,HAS_ROUTE,9128
529,ON_CONTINENT,17252
530,IN_REGION,16813
531,HAS_ROUTE,8675
532,HAS_ROUTE,8949
533,HAS_ROUTE,10009
534,HAS_ROUTE,8874
535,IN_REGION,16827
536,HAS_ROUTE,8724
537,HAS_ROUTE,9001
538,IN_CITY,14378
539,HAS_ROUTE,9148
540,IN_COUNTRY,17053
541,HAS_ROUTE,8646
542,IN_COUNTRY,17233
543,HAS_ROUTE,8960
544,IN_REGION,15739
545,HAS_ROUTE,9956
546,HAS_ROUTE,9309
547,IN_REGION,15502
548,HAS_ROUTE,9083
549,HAS_ROUTE,9135
550,HAS_ROUTE,8657
551,ON_CONTINENT,17252
552,HAS_ROUTE,9770
553,HAS_ROUTE,11379
554,HAS_ROUTE,8637
555,HAS_ROUTE,10006
556,HAS_ROUTE,11207
557,HAS_ROUTE,8769
558,IN_REGION,15490
559,HAS_ROUTE,10757
560,ON_CONTINENT,17248
561,ON_CONTINENT,17250
562,HAS_ROUTE,9136
563,HAS_ROUTE,8856
564,IN_COUNTRY,17076
565,HAS_ROUTE,8900
566,HAS_ROUTE,8886
567,HAS_ROUTE,10123
568,HAS_ROUTE,9949
569,HAS_ROUTE,9046
570,HAS_ROUTE,10540
571,HAS_ROUTE,8644
572,HAS_ROUTE,9158
573,HAS_ROUTE,10389
574,ON_CONTINENT,17250
575,IN_REGION,15869
576,ON_CONTINENT,17253
577,IN_REGION,15637
578,HAS_ROUTE,8998
579,IN_CITY,15243
580,HAS_ROUTE,8697
581,HAS_ROUTE,11947
582,HAS_ROUTE,8661
583,ON_CONTINENT,17249
584,HAS_ROUTE,9160
585,HAS_ROUTE,8841
586,ON_CONTINENT,17252
587,ON_CONTINENT,17248
588,HAS_ROUTE,9527
589,HAS_ROUTE,8876
590,HAS_ROUTE,8673
591,ON_CONTINENT,17248
592,ON_CONTINENT,17250
593,HAS_ROUTE,9844
594,HAS_ROUTE,9696
595,HAS_ROUTE,9316
596,HAS_ROUTE,8644
597,HAS_ROUTE,8816
598,IN_COUNTRY,17057
599,HAS_ROUTE,9262
600,IN_REGION,16204
601,HAS_ROUTE,11446
602,IN_COUNTRY,17225
603,HAS_ROUTE,9164
604,IN_CITY,13359
605,HAS_ROUTE,8643
606,HAS_ROUTE,8690
607,HAS_ROUTE,8646
608,IN_CITY,14206
609,HAS_ROUTE,9017
610,IN_COUNTRY,17245
611,IN_COUNTRY,17016
612,HAS_ROUTE,8766
613,IN_CITY,15183
614,HAS_ROUTE,8724
615,HAS_ROUTE,9483
616,IN_COUNTRY,17042
617,HAS_ROUTE,9842
618,HAS_ROUTE,8647
619,IN_COUNTRY,17109
620,HAS_ROUTE,9060
621,HAS_ROUTE,8887
622,HAS_ROUTE,9419
623,IN_REGION,15552
624,HAS_ROUTE,8679
625,HAS_ROUTE,8705
626,HAS_ROUTE,8824
627,HAS_ROUTE,8672
628,HAS_ROUTE,8993
629,HAS_ROUTE,8824
630,HAS_ROUTE,9345
631,HAS_ROUTE,9179
632,HAS_ROUTE,8695
633,IN_REGION,15509
634,HAS_ROUTE,8697
635,IN_COUNTRY,17118
636,IN_REGION,16294
637,HAS_ROUTE,8806
638,HAS_ROUTE,8954
639,ON_CONTINENT,17253
640,HAS_ROUTE,8737
641,ON_CONTINENT,17248
642,HAS_ROUTE,8664
643,HAS_ROUTE,10016
644,HAS_ROUTE,8643
645,HAS_ROUTE,10110
646,HAS_ROUTE,8879
647,IN_CITY,13603
648,HAS_ROUTE,8951
649,HAS_ROUTE,8685
650,HAS_ROUTE,8648
651,IN_REGION,15748
652,HAS_ROUTE,9329
653,HAS_ROUTE,9093
654,ON_CONTINENT,17248
655,HAS_ROUTE,9021
656,HAS_ROUTE,9191
657,HAS_ROUTE,9139
658,HAS_ROUTE,8828
659,HAS_ROUTE,9133
660,HAS_ROUTE,8972
661,HAS_ROUTE,9485
662,HAS_ROUTE,8970
663,HAS_ROUTE,8733
664,HAS_ROUTE,8747
665,HAS_ROUTE,8638
666,HAS_ROUTE,9068
667,HAS_ROUTE,9487
668,HAS_ROUTE,8877
669,HAS_ROUTE,9161
670,ON_CONTINENT,17248
671,HAS_ROUTE,8676
672,ON_CONTINENT,17250
673,HAS_ROUTE,8955
674,HAS_ROUTE,8702
675,HAS_ROUTE,8747
676,HAS_ROUTE,8693
677,IN_COUNTRY,17016
678,HAS_ROUTE,8641
679,IN_COUNTRY,17177
680,HAS_ROUTE,9129
681,HAS_ROUTE,8690
682,HAS_ROUTE,9448
683,IN_CITY,14000
684,IN_COUNTRY,17139
685,HAS_ROUTE,8682
686,HAS_ROUTE,8797
687,IN_REGION,15498
688,HAS_ROUTE,8998
689,HAS_ROUTE,9305
690,IN_COUNTRY,17027
691,IN_CITY,15454
692,HAS_ROUTE,8787
693,HAS_ROUTE,8656
694,HAS_ROUTE,9429
695,HAS_ROUTE,9340
696,HAS_ROUTE,9193
697,ON_CONTINENT,17250
698,HAS_ROUTE,8714
699,ON_CONTINENT,17248
700,HAS_ROUTE,8671
701,HAS_ROUTE,8938
702,HAS_ROUTE,10004
703,ON_CONTINENT,17250
704,ON_CONTINENT,17251
705,HAS_ROUTE,9414
706,HAS_ROUTE,8792
707,HAS_ROUTE,9218
708,IN_COUNTRY,17124
709,HAS_ROUTE,8772
710,HAS_ROUTE,8902
711,HAS_ROUTE,8840
712,IN_REGION,16206
713,HAS_ROUTE,9303
714,HAS_ROUTE,8685
715,IN_COUNTRY,17046
716,ON_CONTINENT,17252
717,HAS_ROUTE,9296
718,ON_CONTINENT,17252
719,IN_COUNTRY,17168
720,HAS_ROUTE,8739
721,IN_REGION,16076
722,HAS_ROUTE,8780
723,IN_REGION,15943
724,ON_CONTINENT,17250
725,HAS_ROUTE,11400
726,HAS_ROUTE,9457
727,HAS_ROUTE,8642
728,HAS_ROUTE,9427
729,IN_REGION,15913
730,ON_CONTINENT,17249
731,HAS_ROUTE,8733
732,IN_CITY,12717
733,HAS_ROUTE,11643
734,HAS_ROUTE,8925
735,IN_COUNTRY,17016
736,ON_CONTINENT,17250
737,HAS_ROUTE,8834
738,HAS_ROUTE,9831
739,HAS_ROUTE,8644
740,HAS_ROUTE,8735
741,HAS_ROUTE,8647
742,IN_COUNTRY,17141
743,IN_COUNTRY,17072
744,ON_CONTINENT,17250
745,HAS_ROUTE,10215
746,IN_REGION,16955
747,IN_REGION,15490
748,IN_REGION,16158
749,HAS_ROUTE,8787
750,HAS_ROUTE,10367
751,IN_COUNTRY,17020
752,ON_CONTINENT,17253
753,ON_CONTINENT,17252
754,HAS_ROUTE,8986
755,HAS_ROUTE,11930
756,HAS_ROUTE,8800
757,HAS_ROUTE,10505
758,ON_CONTINENT,17250
759,HAS_ROUTE,9194
760,IN_REGION,15865
761,HAS_ROUTE,8644
762,HAS_ROUTE,10740
763,HAS_ROUTE,8921
764,IN_CITY,12691
765,ON_CONTINENT,17252
766,HAS_ROUTE,12109
767,HAS_ROUTE,9334
768,HAS_ROUTE,8662
769,HAS_ROUTE,9339
770,HAS_ROUTE,8630
771,HAS_ROUTE,9852
772,HAS_ROUTE,9108
773,IN_COUNTRY,17053
774,HAS_ROUTE,8856
775,IN_CITY,15325
776,HAS_ROUTE,8790
777,ON_CONTINENT,17249
778,HAS_ROUTE,10973
779,IN_COUNTRY,17065
780,IN_COUNTRY,17064
781,HAS_ROUTE,11922
782,HAS_ROUTE,9425
783,ON_CONTINENT,17249
784,HAS_ROUTE,9048
785,HAS_ROUTE,11433
786,IN_COUNTRY,17208
787,HAS_ROUTE,9788
788,HAS_ROUTE,9150
789,ON_CONTINENT,17248
790,ON_CONTINENT,17249
791,HAS_ROUTE,8796
792,HAS_ROUTE,9291
793,HAS_ROUTE,9676
794,HAS_ROUTE,8638
795,HAS_ROUTE,10171
796,IN_COUNTRY,17018
797,HAS_ROUTE,8741
798,HAS_ROUTE,8800
799,IN_COUNTRY,17023
800,HAS_ROUTE,8759
801,HAS_ROUTE,8787
802,ON_CONTINENT,17250
803,HAS_ROUTE,11312
804,HAS_ROUTE,9290
805,HAS_ROUTE,9325
806,HAS_ROUTE,10498
807,HAS_ROUTE,8767
808,HAS_ROUTE,8634
809,HAS_ROUTE,8702
810,HAS_ROUTE,9824
811,IN_REGION,15831
812,IN_REGION,15523
813,IN_COUNTRY,17016
814,HAS_ROUTE,8642
815,ON_CONTINENT,17249
816,HAS_ROUTE,9114
817,HAS_ROUTE,11191
818,IN_REGION,16538
819,IN_CITY,14080
820,HAS_ROUTE,9599
821,HAS_ROUTE,8678
822,ON_CONTINENT,17248
823,IN_COUNTRY,17079
824,HAS_ROUTE,9304
825,HAS_ROUTE,8824
826,HAS_ROUTE,12065
827,HAS_ROUTE,8792
828,HAS_ROUTE,8633
829,HAS_ROUTE,8793
830,HAS_ROUTE,8956
831,HAS_ROUTE,8635
832,HAS_ROUTE,8707
833,HAS_ROUTE,10114
834,ON_CONTINENT,17248
835,HAS_ROUTE,9161
836,ON_CONTINENT,17249
837,HAS_ROUTE,8877
838,HAS_ROUTE,8638
839,IN_COUNTRY,17031
840,IN_COUNTRY,17031
841,HAS_ROUTE,8800
842,HAS_ROUTE,8824
843,HAS_ROUTE,9456
844,HAS_ROUTE,8702
845,IN_CITY,13298
846,HAS_ROUTE,8970
847,HAS_ROUTE,8699
848,IN_REGION,15506
849,HAS_ROUTE,8799
850,IN_COUNTRY,17020
851,HAS_ROUTE,8757
852,HAS_ROUTE,8973
853,HAS_ROUTE,8733
854,HAS_ROUTE,8644
855,HAS_ROUTE,10207
856,IN_COUNTRY,17030
857,ON_CONTINENT,17250
858,HAS_ROUTE,8843
859,ON_CONTINENT,17252
860,IN_COUNTRY,17016
861,HAS_ROUTE,8649
862,IN_CITY,14317
863,HAS_ROUTE,9487
864,ON_CONTINENT,17250
865,IN_CITY,12971
866,ON_CONTINENT,17248
867,HAS_ROUTE,9113
868,HAS_ROUTE,9229
869,HAS_ROUTE,8862
870,ON_CONTINENT,17250
871,HAS_ROUTE,8787
872,IN_COUNTRY,17244
873,HAS_ROUTE,8696
874,ON_CONTINENT,17253
875,HAS_ROUTE,8736
876,HAS_ROUTE,9187
877,ON_CONTINENT,17253
878,HAS_ROUTE,8725
879,HAS_ROUTE,8815
880,HAS_ROUTE,8635
881,ON_CONTINENT,17248
882,IN_COUNTRY,17054
883,HAS_ROUTE,9108
884,HAS_ROUTE,8736
885,HAS_ROUTE,8887
886,HAS_ROUTE,8703
887,HAS_ROUTE,11636
888,HAS_ROUTE,9434
889,IN_REGION,16290
890,HAS_ROUTE,8719
891,HAS_ROUTE,8669
892,IN_COUNTRY,17050
893,HAS_ROUTE,9335
894,HAS_ROUTE,8696
895,IN_REGION,16171
896,HAS_ROUTE,8869
897,ON_CONTINENT,17250
898,ON_CONTINENT,17250
899,IN_CITY,12831
900,ON_CONTINENT,17250
901,ON_CONTINENT,17248
902,IN_COUNTRY,17215
903,HAS_ROUTE,8751
904,HAS_ROUTE,9467
905,HAS_ROUTE,9216
906,HAS_ROUTE,8692
907,ON_CONTINENT,17248
908,HAS_ROUTE,9351
909,HAS_ROUTE,9994
910,HAS_ROUTE,8932
911,IN_CITY,14371
912,ON_CONTINENT,17250
913,HAS_ROUTE,8678
914,HAS_ROUTE,8697
915,HAS_ROUTE,8797
916,IN_COUNTRY,17019
917,IN_REGION,15849
918,HAS_ROUTE,10150
919,IN_REGION,16108
920,HAS_ROUTE,8916
921,IN_CITY,15200
922,IN_REGION,16377
923,HAS_ROUTE,8803
924,HAS_ROUTE,9442
925,IN_REGION,16934
926,HAS_ROUTE,9010
927,HAS_ROUTE,8754
928,HAS_ROUTE,8706
929,HAS_ROUTE,8710
930,ON_CONTINENT,17249
931,IN_REGION,15516
932,HAS_ROUTE,8794
933,IN_REGION,16716
934,HAS_ROUTE,8958
935,HAS_ROUTE,8642
936,HAS_ROUTE,9547
937,HAS_ROUTE,9416
938,HAS_ROUTE,9821
939,ON_CONTINENT,17248
940,ON_CONTINENT,17249
941,ON_CONTINENT,17248
942,HAS_ROUTE,8672
943,IN_COUNTRY,17023
944,HAS_ROUTE,10780
945,HAS_ROUTE,8678
946,HAS_ROUTE,8921
947,IN_COUNTRY,17121
948,IN_CITY,13715
949,HAS_ROUTE,8784
950,IN_REGION,15491
951,IN_COUNTRY,17042
952,HAS_ROUTE,8694
953,HAS_ROUTE,8775
954,ON_CONTINENT,17248
955,HAS_ROUTE,9447
956,HAS_ROUTE,8882
957,HAS_ROUTE,10107
958,ON_CONTINENT,17248
959,HAS_ROUTE,8804
960,HAS_ROUTE,8639
961,HAS_ROUTE,11882
962,HAS_ROUTE,8831
963,HAS_ROUTE,10172
964,HAS_ROUTE,9204
965,HAS_ROUTE,9194
966,HAS_ROUTE,8772
967,HAS_ROUTE,8729
968,ON_CONTINENT,17251
969,HAS_ROUTE,8678
970,IN_REGION,16741
971,HAS_ROUTE,9084
972,ON_CONTINENT,17250
973,HAS_ROUTE,8656
974,IN_COUNTRY,17188
975,HAS_ROUTE,8788
976,HAS_ROUTE,8736
977,IN_REGION,15903
978,IN_REGION,16879
979,HAS_ROUTE,8948
980,HAS_ROUTE,8980
981,HAS_ROUTE,9418
982,HAS_ROUTE,8702
983,HAS_ROUTE,8657
984,HAS_ROUTE,8639
985,HAS_ROUTE,12129
986,ON_CONTINENT,17251
987,ON_CONTINENT,17250
988,HAS_ROUTE,10048
989,HAS_ROUTE,11269
990,HAS_ROUTE,8913
991,HAS_ROUTE,8802
992,IN_COUNTRY,17044
993,HAS_ROUTE,11903
994,HAS_ROUTE,12124
995,HAS_ROUTE,12051
996,HAS_ROUTE,8945
997,HAS_ROUTE,8787
998,ON_CONTINENT,17251
999,HAS_ROUTE,8671
1000,HAS_ROUTE,9476
1001,IN_COUNTRY,17044
1002,HAS_ROUTE,9110
1003,IN_REGION,15894
1004,HAS_ROUTE,8740
1005,HAS_ROUTE,10668
1006,HAS_ROUTE,9266
1007,ON_CONTINENT,17250
1008,HAS_ROUTE,9300
1009,HAS_ROUTE,8714
1010,HAS_ROUTE,8739
1011,HAS_ROUTE,8991
1012,HAS_ROUTE,10456
1013,HAS_ROUTE,8832
1014,IN_REGION,16035
1015,IN_COUNTRY,17020
1016,HAS_ROUTE,9415
1017,HAS_ROUTE,11433
1018,HAS_ROUTE,8803
1019,IN_COUNTRY,17032
1020,HAS_ROUTE,10106
1021,ON_CONTINENT,17249
1022,IN_COUNTRY,17016
1023,HAS_ROUTE,10010
1024,ON_CONTINENT,17248
1025,IN_COUNTRY,17064
1026,IN_REGION,16872
1027,IN_COUNTRY,17070
1028,HAS_ROUTE,10915
1029,IN_COUNTRY,17031
1030,IN_COUNTRY,17016
1031,ON_CONTINENT,17248
1032,ON_CONTINENT,17250
1033,HAS_ROUTE,8960
1034,HAS_ROUTE,8734
1035,IN_COUNTRY,17053
1036,IN_COUNTRY,17049
1037,HAS_ROUTE,8832
1038,ON_CONTINENT,17252
1039,HAS_ROUTE,8802
1040,HAS_ROUTE,8696
1041,HAS_ROUTE,9433
1042,HAS_ROUTE,8772
1043,IN_COUNTRY,17053
1044,ON_CONTINENT,17252
1045,HAS_ROUTE,8733
1046,IN_COUNTRY,17079
1047,HAS_ROUTE,8719
1048,IN_COUNTRY,17016
1049,IN_REGION,15514
1050,HAS_ROUTE,9415
1051,HAS_ROUTE,8804
1052,HAS_ROUTE,8799
1053,HAS_ROUTE,8677
1054,IN_REGION,15507
1055,HAS_ROUTE,9530
1056,IN_COUNTRY,17016
1057,HAS_ROUTE,8677
1058,HAS_ROUTE,9193
1059,HAS_ROUTE,8642
1060,HAS_ROUTE,9301
1061,IN_REGION,15943
1062,HAS_ROUTE,9878
1063,HAS_ROUTE,8840
1064,HAS_ROUTE,8956
1065,HAS_ROUTE,10764
1066,HAS_ROUTE,9319
1067,HAS_ROUTE,8746
1068,HAS_ROUTE,11341
1069,HAS_ROUTE,8641
1070,IN_REGION,15528
1071,HAS_ROUTE,10184
1072,HAS_ROUTE,9303
1073,IN_CITY,15425
1074,IN_CITY,14581
1075,HAS_ROUTE,9436
1076,HAS_ROUTE,8859
1077,ON_CONTINENT,17248
1078,HAS_ROUTE,8681
1079,HAS_ROUTE,9119
1080,IN_COUNTRY,17031
1081,HAS_ROUTE,11211
1082,HAS_ROUTE,8735
1083,HAS_ROUTE,8790
1084,HAS_ROUTE,8705
1085,HAS_ROUTE,8742
1086,HAS_ROUTE,10526
1087,HAS_ROUTE,8722
1088,ON_CONTINENT,17251
1089,HAS_ROUTE,9071
1090,HAS_ROUTE,8923
1091,ON_CONTINENT,17249
1092,IN_COUNTRY,17107
1093,ON_CONTINENT,17249
1094,ON_CONTINENT,17250
1095,HAS_ROUTE,9171
1096,HAS_ROUTE,8735
1097,IN_CITY,12825
1098,IN_CITY,12406
1099,HAS_ROUTE,11406
1100,ON_CONTINENT,17250
1101,HAS_ROUTE,8682
1102,ON_CONTINENT,17249
1103,HAS_ROUTE,9124
1104,HAS_ROUTE,9043
1105,ON_CONTINENT,17250
1106,HAS_ROUTE,9813
1107,IN_COUNTRY,17030
1108,IN_REGION,15499
1109,HAS_ROUTE,9449
1110,HAS_ROUTE,10482
1111,ON_CONTINENT,17252
1112,HAS_ROUTE,8637
1113,HAS_ROUTE,8859
1114,HAS_ROUTE,8969
1115,HAS_ROUTE,8765
1116,HAS_ROUTE,8655
1117,HAS_ROUTE,9135
1118,ON_CONTINENT,17248
1119,HAS_ROUTE,9134
1120,HAS_ROUTE,11899
1121,HAS_ROUTE,8913
1122,HAS_ROUTE,9891
1123,ON_CONTINENT,17249
1124,HAS_ROUTE,10226
1125,HAS_ROUTE,9969
1126,HAS_ROUTE,9056
1127,IN_COUNTRY,17016
1128,ON_CONTINENT,17249
1129,HAS_ROUTE,12129
1130,HAS_ROUTE,8752
1131,HAS_ROUTE,8773
1132,IN_REGION,16183
1133,HAS_ROUTE,8958
1134,ON_CONTINENT,17248
1135,HAS_ROUTE,8649
1136,HAS_ROUTE,8692
1137,HAS_ROUTE,9846
1138,HAS_ROUTE,11406
1139,ON_CONTINENT,17250
1140,ON_CONTINENT,17251
1141,HAS_ROUTE,8642
1142,HAS_ROUTE,8733
1143,IN_CITY,13049
1144,HAS_ROUTE,8805
1145,HAS_ROUTE,8657
1146,HAS_ROUTE,9891
1147,HAS_ROUTE,9529
1148,HAS_ROUTE,9177
1149,IN_CITY,13565
1150,HAS_ROUTE,10032
1151,HAS_ROUTE,9890
1152,HAS_ROUTE,8681
1153,HAS_ROUTE,8840
1154,ON_CONTINENT,17249
1155,IN_REGION,15824
1156,HAS_ROUTE,9874
1157,HAS_ROUTE,8700
1158,IN_REGION,16087
1159,ON_CONTINENT,17253
1160,HAS_ROUTE,11376
1161,HAS_ROUTE,8884
1162,ON_CONTINENT,17250
1163,ON_CONTINENT,17250
1164,HAS_ROUTE,8972
1165,IN_REGION,15943
1166,HAS_ROUTE,8913
1167,HAS_ROUTE,8636
1168,HAS_ROUTE,8711
1169,ON_CONTINENT,17248
1170,IN_COUNTRY,17156
1171,ON_CONTINENT,17248
1172,HAS_ROUTE,8963
1173,HAS_ROUTE,8629
1174,HAS_ROUTE,8661
1175,HAS_ROUTE,9481
1176,HAS_ROUTE,8644
1177,HAS_ROUTE,8699
1178,IN_COUNTRY,17016
1179,ON_CONTINENT,17248
1180,HAS_ROUTE,10052
1181,HAS_ROUTE,8744
1182,HAS_ROUTE,8684
1183,HAS_ROUTE,9146
1184,IN_COUNTRY,17093
1185,IN_COUNTRY,17040
1186,IN_COUNTRY,17043
1187,HAS_ROUTE,8958
1188,IN_REGION,16007
1189,HAS_ROUTE,9131
1190,IN_COUNTRY,17016
1191,IN_REGION,15668
1192,HAS_ROUTE,8838
1193,HAS_ROUTE,10112
1194,HAS_ROUTE,9299
1195,HAS_ROUTE,9484
1196,HAS_ROUTE,9443
1197,HAS_ROUTE,8970
1198,HAS_ROUTE,8954
1199,IN_REGION,16831
1200,HAS_ROUTE,8663
1201,HAS_ROUTE,9319
1202,IN_CITY,15380
1203,HAS_ROUTE,8777
1204,HAS_ROUTE,8686
1205,HAS_ROUTE,8682
1206,ON_CONTINENT,17252
1207,IN_REGION,15755
1208,ON_CONTINENT,17250
1209,HAS_ROUTE,9123
1210,HAS_ROUTE,11448
1211,IN_COUNTRY,17016
1212,IN_COUNTRY,17123
1213,IN_COUNTRY,17090
1214,ON_CONTINENT,17249
1215,HAS_ROUTE,8731
1216,HAS_ROUTE,8787
1217,HAS_ROUTE,8676
1218,ON_CONTINENT,17250
1219,HAS_ROUTE,8843
1220,HAS_ROUTE,10393
1221,ON_CONTINENT,17248
1222,ON_CONTINENT,17248
1223,HAS_ROUTE,8958
1224,HAS_ROUTE,9109
1225,HAS_ROUTE,9664
1226,IN_REGION,15698
1227,ON_CONTINENT,17249
1228,IN_COUNTRY,17027
1229,ON_CONTINENT,17248
1230,HAS_ROUTE,8690
1231,HAS_ROUTE,9448
1232,HAS_ROUTE,8733
1233,IN_CITY,13235
1234,HAS_ROUTE,9983
1235,HAS_ROUTE,8696
1236,HAS_ROUTE,9041
1237,ON_CONTINENT,17249
1238,HAS_ROUTE,8740
1239,HAS_ROUTE,9141
1240,IN_CITY,14933
1241,HAS_ROUTE,11270
1242,IN_REGION,16966
1243,HAS_ROUTE,9084
1244,HAS_ROUTE,8874
1245,ON_CONTINENT,17250
1246,HAS_ROUTE,8886
1247,HAS_ROUTE,9696
1248,HAS_ROUTE,8840
1249,ON_CONTINENT,17248
1250,IN_COUNTRY,17053
1251,HAS_ROUTE,12068
1252,HAS_ROUTE,8671
1253,HAS_ROUTE,8806
1254,HAS_ROUTE,8637
1255,HAS_ROUTE,8912
1256,IN_COUNTRY,17150
1257,ON_CONTINENT,17250
1258,HAS_ROUTE,9021
1259,IN_COUNTRY,17084
1260,HAS_ROUTE,8694
1261,ON_CONTINENT,17250
1262,HAS_ROUTE,8682
1263,HAS_ROUTE,9220
1264,IN_COUNTRY,17117
1265,IN_REGION,15489
1266,IN_REGION,16425
1267,ON_CONTINENT,17250
1268,HAS_ROUTE,8627
1269,HAS_ROUTE,8711
1270,ON_CONTINENT,17253
1271,IN_COUNTRY,17042
1272,HAS_ROUTE,9936
1273,HAS_ROUTE,8665
1274,HAS_ROUTE,10109
1275,HAS_ROUTE,9823
1276,HAS_ROUTE,8810
1277,HAS_ROUTE,8696
1278,HAS_ROUTE,8705
1279,HAS_ROUTE,8733
1280,IN_REGION,15604
1281,HAS_ROUTE,8952
1282,HAS_ROUTE,8687
1283,HAS_ROUTE,8677
1284,HAS_ROUTE,8700
1285,HAS_ROUTE,9589
1286,HAS_ROUTE,8677
1287,IN_COUNTRY,17208
1288,HAS_ROUTE,9186
1289,HAS_ROUTE,8652
1290,IN_CITY,12603
1291,IN_COUNTRY,17109
1292,IN_COUNTRY,17041
1293,HAS_ROUTE,9230
1294,HAS_ROUTE,9340
1295,HAS_ROUTE,8875
1296,HAS_ROUTE,9095
1297,HAS_ROUTE,8722
1298,HAS_ROUTE,8634
1299,HAS_ROUTE,9138
1300,HAS_ROUTE,8943
1301,HAS_ROUTE,8714
1302,HAS_ROUTE,11264
1303,HAS_ROUTE,11436
1304,HAS_ROUTE,8642
1305,HAS_ROUTE,9080
1306,HAS_ROUTE,8769
1307,HAS_ROUTE,9322
1308,HAS_ROUTE,10045
1309,HAS_ROUTE,8954
1310,HAS_ROUTE,9101
1311,HAS_ROUTE,8762
1312,ON_CONTINENT,17249
1313,IN_REGION,16996
1314,HAS_ROUTE,8860
1315,IN_COUNTRY,17117
1316,HAS_ROUTE,8645
1317,IN_CITY,14230
1318,IN_COUNTRY,17018
1319,HAS_ROUTE,10827
1320,IN_COUNTRY,17061
1321,HAS_ROUTE,9798
1322,HAS_ROUTE,8693
1323,IN_REGION,15783
1324,HAS_ROUTE,8639
1325,HAS_ROUTE,8794
1326,IN_COUNTRY,17024
1327,IN_CITY,13374
1328,ON_CONTINENT,17250
1329,HAS_ROUTE,8677
1330,IN_COUNTRY,17016
1331,IN_COUNTRY,17071
1332,HAS_ROUTE,9092
1333,ON_CONTINENT,17251
1334,IN_COUNTRY,17016
1335,IN_REGION,15507
1336,IN_REGION,15749
1337,HAS_ROUTE,8939
1338,IN_REGION,15628
1339,HAS_ROUTE,9302
1340,HAS_ROUTE,9459
1341,HAS_ROUTE,8684
1342,HAS_ROUTE,8738
1343,IN_COUNTRY,17016
1344,IN_COUNTRY,17020
1345,HAS_ROUTE,8854
1346,IN_REGION,16585
1347,HAS_ROUTE,8972
1348,ON_CONTINENT,17248
1349,HAS_ROUTE,9126
1350,HAS_ROUTE,10184
1351,ON_CONTINENT,17250
1352,HAS_ROUTE,8666
1353,HAS_ROUTE,9475
1354,ON_CONTINENT,17252
1355,HAS_ROUTE,8856
1356,HAS_ROUTE,10179
1357,ON_CONTINENT,17248
1358,HAS_ROUTE,9291
1359,HAS_ROUTE,11601
1360,IN_REGION,15867
1361,HAS_ROUTE,8661
1362,IN_REGION,16002
1363,HAS_ROUTE,8736
1364,IN_REGION,15489
1365,HAS_ROUTE,8978
1366,HAS_ROUTE,8758
1367,IN_CITY,13321
1368,HAS_ROUTE,9123
1369,ON_CONTINENT,17251
1370,HAS_ROUTE,8736
1371,HAS_ROUTE,8799
1372,HAS_ROUTE,8831
1373,IN_REGION,15490
1374,HAS_ROUTE,8642
1375,HAS_ROUTE,11523
1376,IN_CITY,14723
1377,HAS_ROUTE,11433
1378,HAS_ROUTE,8746
1379,HAS_ROUTE,8768
1380,HAS_ROUTE,8974
1381,HAS_ROUTE,8828
1382,IN_REGION,15889
1383,HAS_ROUTE,9318
1384,IN_CITY,14728
1385,IN_REGION,16211
1386,HAS_ROUTE,11996
1387,HAS_ROUTE,9167
1388,HAS_ROUTE,9585
1389,HAS_ROUTE,8729
1390,IN_COUNTRY,17024
1391,IN_COUNTRY,17044
1392,HAS_ROUTE,8699
1393,IN_CITY,13842
1394,HAS_ROUTE,10124
1395,IN_COUNTRY,17172
1396,HAS_ROUTE,9295
1397,IN_REGION,15750
1398,IN_CITY,13557
1399,ON_CONTINENT,17253
1400,HAS_ROUTE,9762
1401,HAS_ROUTE,8829
1402,IN_CITY,14896
1403,HAS_ROUTE,9282
1404,HAS_ROUTE,9041
1405,HAS_ROUTE,9808
1406,IN_COUNTRY,17129
1407,HAS_ROUTE,10470
1408,HAS_ROUTE,9286
1409,IN_REGION,16688
1410,HAS_ROUTE,9981
1411,HAS_ROUTE,8869
1412,HAS_ROUTE,8678
1413,IN_COUNTRY,17032
1414,IN_REGION,16570
1415,HAS_ROUTE,8657
1416,IN_COUNTRY,17090
1417,HAS_ROUTE,8693
1418,HAS_ROUTE,11115
1419,HAS_ROUTE,8874
1420,IN_CITY,12895
1421,IN_REGION,16729
1422,HAS_ROUTE,9707
1423,IN_REGION,15627
1424,HAS_ROUTE,11203
1425,IN_CITY,14028
1426,HAS_ROUTE,8693
1427,HAS_ROUTE,9851
1428,IN_REGION,15499
1429,IN_REGION,15885
1430,HAS_ROUTE,8671
1431,IN_REGION,15523
1432,HAS_ROUTE,9303
1433,HAS_ROUTE,8808
1434,HAS_ROUTE,11507
1435,IN_CITY,14764
1436,IN_REGION,16711
1437,ON_CONTINENT,17253
1438,HAS_ROUTE,9421
1439,IN_CITY,15418
1440,HAS_ROUTE,8705
1441,HAS_ROUTE,8735
1442,IN_REGION,15725
1443,HAS_ROUTE,11433
1444,HAS_ROUTE,9436
1445,HAS_ROUTE,8723
1446,IN_COUNTRY,17106
1447,HAS_ROUTE,8722
1448,HAS_ROUTE,8635
1449,HAS_ROUTE,9891
1450,HAS_ROUTE,8676
1451,HAS_ROUTE,9096
1452,HAS_ROUTE,8722
1453,HAS_ROUTE,8640
1454,HAS_ROUTE,9757
1455,IN_CITY,14189
1456,HAS_ROUTE,9464
1457,HAS_ROUTE,8733
1458,HAS_ROUTE,8684
1459,IN_COUNTRY,17183
1460,HAS_ROUTE,8769
1461,HAS_ROUTE,9043
1462,IN_COUNTRY,17018
1463,HAS_ROUTE,8657
1464,ON_CONTINENT,17248
1465,HAS_ROUTE,8986
1466,HAS_ROUTE,8821
1467,HAS_ROUTE,8790
1468,HAS_ROUTE,8912
1469,ON_CONTINENT,17249
1470,HAS_ROUTE,8738
1471,IN_REGION,16238
1472,HAS_ROUTE,8998
1473,ON_CONTINENT,17249
1474,HAS_ROUTE,9322
1475,HAS_ROUTE,11376
1476,HAS_ROUTE,8947
1477,HAS_ROUTE,8656
1478,ON_CONTINENT,17249
1479,IN_CITY,13528
1480,HAS_ROUTE,8881
1481,IN_COUNTRY,17038
1482,IN_REGION,15497
1483,HAS_ROUTE,8973
1484,HAS_ROUTE,9068
1485,HAS_ROUTE,8808
1486,IN_REGION,16315
1487,HAS_ROUTE,8787
1488,IN_CITY,12417
1489,HAS_ROUTE,8707
1490,HAS_ROUTE,8804
1491,HAS_ROUTE,9079
1492,HAS_ROUTE,9288
1493,HAS_ROUTE,8742
1494,IN_CITY,12804
1495,ON_CONTINENT,17252
1496,HAS_ROUTE,8680
1497,HAS_ROUTE,9436
1498,IN_COUNTRY,17206
1499,HAS_ROUTE,8909
1500,IN_REGION,16431
1501,HAS_ROUTE,8629
1502,HAS_ROUTE,8912
1503,HAS_ROUTE,8661
1504,HAS_ROUTE,9279
1505,HAS_ROUTE,8689
1506,ON_CONTINENT,17248
1507,HAS_ROUTE,10362
1508,HAS_ROUTE,8666
1509,ON_CONTINENT,17248
1510,HAS_ROUTE,10071
1511,IN_CITY,13246
1512,HAS_ROUTE,8804
1513,HAS_ROUTE,8627
1514,HAS_ROUTE,8895
1515,HAS_ROUTE,8696
1516,HAS_ROUTE,9453
1517,HAS_ROUTE,8627
1518,ON_CONTINENT,17248
1519,IN_REGION,15807
1520,HAS_ROUTE,8811
1521,HAS_ROUTE,8735
1522,HAS_ROUTE,8638
1523,HAS_ROUTE,9129
1524,HAS_ROUTE,9567
1525,ON_CONTINENT,17252
1526,IN_COUNTRY,17069
1527,IN_COUNTRY,17023
1528,HAS_ROUTE,8639
1529,IN_REGION,15607
1530,IN_REGION,15554
1531,ON_CONTINENT,17249
1532,HAS_ROUTE,8877
1533,IN_COUNTRY,17024
1534,ON_CONTINENT,17248
1535,HAS_ROUTE,8726
1536,IN_REGION,15681
1537,HAS_ROUTE,8723
1538,HAS_ROUTE,8963
1539,HAS_ROUTE,9008
1540,HAS_ROUTE,9124
1541,IN_REGION,15861
1542,ON_CONTINENT,17250
1543,HAS_ROUTE,9304
1544,ON_CONTINENT,17250
1545,HAS_ROUTE,8659
1546,HAS_ROUTE,8657
1547,HAS_ROUTE,8825
1548,ON_CONTINENT,17250
1549,HAS_ROUTE,8636
1550,HAS_ROUTE,8718
1551,IN_REGION,15607
1552,IN_COUNTRY,17153
1553,HAS_ROUTE,8696
1554,ON_CONTINENT,17252
1555,HAS_ROUTE,8739
1556,IN_REGION,16581
1557,HAS_ROUTE,10615
1558,ON_CONTINENT,17250
1559,IN_CITY,12486
1560,IN_COUNTRY,17093
1561,HAS_ROUTE,8663
1562,IN_CITY,13343
1563,IN_REGION,16205
1564,ON_CONTINENT,17250
1565,IN_REGION,16157
1566,ON_CONTINENT,17248
1567,ON_CONTINENT,17248
1568,HAS_ROUTE,8644
1569,IN_COUNTRY,17016
1570,HAS_ROUTE,10012
1571,IN_CITY,14922
1572,ON_CONTINENT,17250
1573,HAS_ROUTE,8723
1574,IN_COUNTRY,17023
1575,HAS_ROUTE,8748
1576,HAS_ROUTE,8989
1577,ON_CONTINENT,17249
1578,HAS_ROUTE,11353
1579,IN_CITY,14669
1580,HAS_ROUTE,9193
1581,IN_COUNTRY,17138
1582,IN_COUNTRY,17031
1583,HAS_ROUTE,10279
1584,ON_CONTINENT,17250
1585,IN_COUNTRY,17053
1586,IN_REGION,16569
1587,HAS_ROUTE,9129
1588,IN_COUNTRY,17016
1589,HAS_ROUTE,8644
1590,HAS_ROUTE,8631
1591,HAS_ROUTE,10138
1592,HAS_ROUTE,9907
1593,HAS_ROUTE,8674
1594,HAS_ROUTE,9858
1595,HAS_ROUTE,9956
1596,HAS_ROUTE,8954
1597,IN_REGION,16627
1598,HAS_ROUTE,8969
1599,HAS_ROUTE,9287
1600,IN_COUNTRY,17016
1601,IN_COUNTRY,17055
1602,HAS_ROUTE,8720
1603,IN_REGION,15576
1604,IN_COUNTRY,17027
1605,HAS_ROUTE,8643
1606,HAS_ROUTE,9133
1607,ON_CONTINENT,17248
1608,HAS_ROUTE,9123
1609,HAS_ROUTE,8713
1610,IN_REGION,16987
1611,HAS_ROUTE,8695
1612,HAS_ROUTE,8972
1613,HAS_ROUTE,12129
1614,IN_CITY,14504
1615,HAS_ROUTE,9789
1616,HAS_ROUTE,10081
1617,HAS_ROUTE,8814
1618,IN_COUNTRY,17032
1619,IN_REGION,15502
1620,IN_COUNTRY,17024
1621,HAS_ROUTE,8652
1622,HAS_ROUTE,8941
1623,HAS_ROUTE,8967
1624,IN_REGION,15499
1625,HAS_ROUTE,8643
1626,IN_CITY,14253
1627,HAS_ROUTE,9993
1628,HAS_ROUTE,9406
1629,HAS_ROUTE,9112
1630,HAS_ROUTE,8647
1631,HAS_ROUTE,8710
1632,HAS_ROUTE,8693
1633,HAS_ROUTE,9184
1634,HAS_ROUTE,9067
1635,HAS_ROUTE,9301
1636,HAS_ROUTE,8696
1637,HAS_ROUTE,11140
1638,IN_COUNTRY,17031
1639,IN_CITY,15023
1640,IN_CITY,12947
1641,IN_REGION,16567
1642,ON_CONTINENT,17252
1643,HAS_ROUTE,8699
1644,ON_CONTINENT,17251
1645,HAS_ROUTE,9077
1646,IN_CITY,15451
1647,ON_CONTINENT,17250
1648,HAS_ROUTE,9112
1649,HAS_ROUTE,8951
1650,IN_REGION,16192
1651,HAS_ROUTE,9399
1652,HAS_ROUTE,9348
1653,HAS_ROUTE,9304
1654,IN_COUNTRY,17024
1655,ON_CONTINENT,17250
1656,HAS_ROUTE,10337
1657,HAS_ROUTE,8682
1658,HAS_ROUTE,9079
1659,IN_COUNTRY,17023
1660,IN_CITY,12160
1661,HAS_ROUTE,9286
1662,IN_COUNTRY,17129
1663,IN_CITY,15115
1664,HAS_ROUTE,8642
1665,IN_COUNTRY,17016
1666,HAS_ROUTE,8639
1667,ON_CONTINENT,17250
1668,IN_REGION,16183
1669,HAS_ROUTE,8735
1670,HAS_ROUTE,8811
1671,HAS_ROUTE,8674
1672,ON_CONTINENT,17249
1673,HAS_ROUTE,9243
1674,HAS_ROUTE,8929
1675,HAS_ROUTE,9827
1676,HAS_ROUTE,8787
1677,HAS_ROUTE,8813
1678,HAS_ROUTE,8863
1679,HAS_ROUTE,8733
1680,HAS_ROUTE,9047
1681,HAS_ROUTE,9453
1682,HAS_ROUTE,8793
1683,HAS_ROUTE,8968
1684,IN_COUNTRY,17031
1685,HAS_ROUTE,8929
1686,HAS_ROUTE,8719
1687,HAS_ROUTE,9469
1688,IN_REGION,16252
1689,IN_COUNTRY,17145
1690,HAS_ROUTE,11226
1691,HAS_ROUTE,8883
1692,HAS_ROUTE,8971
1693,HAS_ROUTE,8885
1694,IN_COUNTRY,17016
1695,IN_REGION,15607
1696,IN_REGION,15692
1697,HAS_ROUTE,8925
1698,HAS_ROUTE,11563
1699,HAS_ROUTE,9325
1700,IN_REGION,16407
1701,HAS_ROUTE,10348
1702,HAS_ROUTE,8723
1703,IN_COUNTRY,17113
1704,IN_CITY,13162
1705,HAS_ROUTE,8709
1706,HAS_ROUTE,8657
1707,HAS_ROUTE,8657
1708,HAS_ROUTE,9180
1709,HAS_ROUTE,10118
1710,HAS_ROUTE,10025
1711,HAS_ROUTE,8694
1712,HAS_ROUTE,9419
1713,HAS_ROUTE,8787
1714,ON_CONTINENT,17248
1715,HAS_ROUTE,9046
1716,HAS_ROUTE,9130
1717,HAS_ROUTE,8686
1718,HAS_ROUTE,11356
1719,HAS_ROUTE,8693
1720,HAS_ROUTE,10698
1721,HAS_ROUTE,10183
1722,HAS_ROUTE,9046
1723,ON_CONTINENT,17248
1724,HAS_ROUTE,9594
1725,HAS_ROUTE,9761
1726,IN_COUNTRY,17041
1727,HAS_ROUTE,8841
1728,HAS_ROUTE,9303
1729,HAS_ROUTE,10133
1730,HAS_ROUTE,9518
1731,HAS_ROUTE,9636
1732,HAS_ROUTE,9148
1733,HAS_ROUTE,8709
1734,IN_CITY,12555
1735,HAS_ROUTE,8634
1736,IN_CITY,15133
1737,IN_COUNTRY,17043
1738,HAS_ROUTE,9043
1739,HAS_ROUTE,10055
1740,HAS_ROUTE,8711
1741,HAS_ROUTE,8634
1742,HAS_ROUTE,9175
1743,HAS_ROUTE,8713
1744,HAS_ROUTE,9315
1745,HAS_ROUTE,8643
1746,IN_CITY,12242
1747,HAS_ROUTE,8980
1748,HAS_ROUTE,8771
1749,HAS_ROUTE,10382
1750,HAS_ROUTE,8740
1751,HAS_ROUTE,9461
1752,IN_REGION,15637
1753,HAS_ROUTE,9347
1754,ON_CONTINENT,17250
1755,HAS_ROUTE,8986
1756,ON_CONTINENT,17250
1757,HAS_ROUTE,9994
1758,IN_REGION,16183
1759,HAS_ROUTE,9535
1760,IN_REGION,16233
1761,HAS_ROUTE,9409
1762,HAS_ROUTE,8684
1763,HAS_ROUTE,11117
1764,HAS_ROUTE,9291
1765,IN_REGION,16505
1766,IN_REGION,15535
1767,HAS_ROUTE,8696
1768,IN_COUNTRY,17040
1769,IN_REGION,15490
1770,ON_CONTINENT,17249
1771,HAS_ROUTE,11070
1772,IN_COUNTRY,17044
1773,IN_REGION,15496
1774,IN_COUNTRY,17044
1775,HAS_ROUTE,8674
1776,HAS_ROUTE,8789
1777,IN_REGION,16531
1778,HAS_ROUTE,8675
1779,HAS_ROUTE,8781
1780,IN_CITY,15247
1781,HAS_ROUTE,10358
1782,HAS_ROUTE,8723
1783,IN_CITY,13257
1784,HAS_ROUTE,8767
1785,IN_COUNTRY,17044
1786,ON_CONTINENT,17250
1787,HAS_ROUTE,9794
1788,ON_CONTINENT,17252
1789,HAS_ROUTE,8758
1790,HAS_ROUTE,9824
1791,HAS_ROUTE,9828
1792,IN_COUNTRY,17069
1793,IN_REGION,15607
1794,HAS_ROUTE,8679
1795,HAS_ROUTE,11615
1796,IN_REGION,16880
1797,IN_REGION,16216
1798,HAS_ROUTE,10152
1799,ON_CONTINENT,17250
1800,IN_REGION,15581
1801,HAS_ROUTE,8699
1802,IN_COUNTRY,17016
1803,HAS_ROUTE,10137
1804,HAS_ROUTE,8801
1805,ON_CONTINENT,17250
1806,HAS_ROUTE,8798
1807,HAS_ROUTE,9323
1808,IN_REGION,16087
1809,IN_COUNTRY,17069
1810,IN_COUNTRY,17044
1811,IN_COUNTRY,17054
1812,IN_REGION,15823
1813,HAS_ROUTE,9775
1814,IN_REGION,16680
1815,HAS_ROUTE,8635
1816,HAS_ROUTE,8784
1817,IN_CITY,14361
1818,IN_COUNTRY,17126
1819,HAS_ROUTE,8638
1820,HAS_ROUTE,8720
1821,IN_COUNTRY,17146
1822,HAS_ROUTE,9070
1823,HAS_ROUTE,8671
1824,HAS_ROUTE,9527
1825,ON_CONTINENT,17250
1826,ON_CONTINENT,17248
1827,HAS_ROUTE,9954
1828,IN_COUNTRY,17016
1829,HAS_ROUTE,8706
1830,IN_REGION,15490
1831,IN_COUNTRY,17018
1832,HAS_ROUTE,8676
1833,IN_COUNTRY,17016
1834,HAS_ROUTE,8746
1835,HAS_ROUTE,8878
1836,HAS_ROUTE,8886
1837,ON_CONTINENT,17251
1838,HAS_ROUTE,9865
1839,HAS_ROUTE,9112
1840,HAS_ROUTE,9107
1841,HAS_ROUTE,10739
1842,HAS_ROUTE,8739
1843,HAS_ROUTE,8635
1844,ON_CONTINENT,17248
1845,HAS_ROUTE,10126
1846,IN_REGION,15839
1847,HAS_ROUTE,8903
1848,HAS_ROUTE,8892
1849,HAS_ROUTE,8840
1850,HAS_ROUTE,8681
1851,HAS_ROUTE,11328
1852,IN_COUNTRY,17036
1853,HAS_ROUTE,9291
1854,ON_CONTINENT,17249
1855,HAS_ROUTE,9418
1856,ON_CONTINENT,17252
1857,HAS_ROUTE,9111
1858,ON_CONTINENT,17250
1859,HAS_ROUTE,10511
1860,ON_CONTINENT,17249
1861,HAS_ROUTE,10362
1862,HAS_ROUTE,8672
1863,IN_COUNTRY,17116
1864,ON_CONTINENT,17248
1865,HAS_ROUTE,8678
1866,HAS_ROUTE,10220
1867,HAS_ROUTE,8638
1868,IN_REGION,15894
1869,HAS_ROUTE,9856
1870,HAS_ROUTE,10119
1871,IN_COUNTRY,17022
1872,HAS_ROUTE,9465
1873,HAS_ROUTE,8674
1874,IN_COUNTRY,17032
1875,ON_CONTINENT,17252
1876,IN_REGION,15671
1877,ON_CONTINENT,17250
1878,HAS_ROUTE,8766
1879,ON_CONTINENT,17250
1880,IN_REGION,15693
1881,HAS_ROUTE,8656
1882,HAS_ROUTE,8641
1883,HAS_ROUTE,8732
1884,HAS_ROUTE,8860
1885,HAS_ROUTE,8676
1886,HAS_ROUTE,8635
1887,HAS_ROUTE,8641
1888,IN_COUNTRY,17090
1889,HAS_ROUTE,8781
1890,HAS_ROUTE,9078
1891,HAS_ROUTE,8972
1892,HAS_ROUTE,9840
1893,ON_CONTINENT,17253
1894,HAS_ROUTE,9291
1895,HAS_ROUTE,8877
1896,HAS_ROUTE,8906
1897,HAS_ROUTE,8729
1898,HAS_ROUTE,9112
1899,IN_CITY,13014
1900,HAS_ROUTE,9076
1901,HAS_ROUTE,9324
1902,IN_COUNTRY,17044
1903,IN_CITY,12350
1904,HAS_ROUTE,9299
1905,HAS_ROUTE,8790
1906,HAS_ROUTE,8672
1907,ON_CONTINENT,17248
1908,HAS_ROUTE,8713
1909,HAS_ROUTE,10150
1910,IN_CITY,14661
1911,HAS_ROUTE,9180
1912,IN_COUNTRY,17069
1913,HAS_ROUTE,8964
1914,HAS_ROUTE,10152
1915,HAS_ROUTE,8767
1916,IN_REGION,15947
1917,ON_CONTINENT,17249
1918,HAS_ROUTE,8809
1919,HAS_ROUTE,8881
1920,HAS_ROUTE,8937
1921,HAS_ROUTE,8687
1922,IN_COUNTRY,17016
1923,HAS_ROUTE,8762
1924,HAS_ROUTE,8672
1925,HAS_ROUTE,8839
1926,HAS_ROUTE,8765
1927,IN_COUNTRY,17027
1928,HAS_ROUTE,9436
1929,HAS_ROUTE,9101
1930,IN_CITY,13033
1931,HAS_ROUTE,10366
1932,IN_REGION,16147
1933,HAS_ROUTE,8963
1934,HAS_ROUTE,8647
1935,IN_COUNTRY,17018
1936,IN_REGION,15505
1937,IN_REGION,15603
1938,IN_COUNTRY,17019
1939,HAS_ROUTE,8877
1940,IN_REGION,15573
1941,HAS_ROUTE,9855
1942,IN_REGION,15514
1943,HAS_ROUTE,8739
1944,ON_CONTINENT,17252
1945,HAS_ROUTE,9696
1946,HAS_ROUTE,11603
1947,HAS_ROUTE,9856
1948,HAS_ROUTE,8695
1949,ON_CONTINENT,17249
1950,IN_REGION,16430
1951,ON_CONTINENT,17252
1952,HAS_ROUTE,9460
1953,IN_COUNTRY,17043
1954,IN_CITY,13273
1955,HAS_ROUTE,8645
1956,IN_COUNTRY,17148
1957,IN_COUNTRY,17018
1958,HAS_ROUTE,9459
1959,IN_COUNTRY,17053
1960,HAS_ROUTE,10207
1961,HAS_ROUTE,8720
1962,HAS_ROUTE,10145
1963,IN_CITY,14659
1964,HAS_ROUTE,8911
1965,HAS_ROUTE,8693
1966,IN_REGION,15707
1967,IN_COUNTRY,17112
1968,ON_CONTINENT,17252
1969,HAS_ROUTE,8722
1970,IN_COUNTRY,17044
1971,HAS_ROUTE,8655
1972,HAS_ROUTE,8651
1973,HAS_ROUTE,8855
1974,IN_CITY,14970
1975,HAS_ROUTE,9129
1976,HAS_ROUTE,8727
1977,HAS_ROUTE,8710
1978,HAS_ROUTE,8655
1979,HAS_ROUTE,9137
1980,ON_CONTINENT,17250
1981,HAS_ROUTE,8894
1982,HAS_ROUTE,9430
1983,HAS_ROUTE,8911
1984,HAS_ROUTE,8766
1985,HAS_ROUTE,8627
1986,IN_COUNTRY,17024
1987,IN_REGION,16101
1988,HAS_ROUTE,10307
1989,ON_CONTINENT,17253
1990,HAS_ROUTE,8634
1991,ON_CONTINENT,17251
1992,HAS_ROUTE,8644
1993,HAS_ROUTE,8720
1994,HAS_ROUTE,9093
1995,HAS_ROUTE,9145
1996,HAS_ROUTE,8664
1997,HAS_ROUTE,8640
1998,IN_REGION,16136
1999,HAS_ROUTE,8646
2000,HAS_ROUTE,10012
2001,HAS_ROUTE,8699
2002,IN_COUNTRY,17053
2003,HAS_ROUTE,8700
2004,HAS_ROUTE,8857
2005,IN_COUNTRY,17121
2006,ON_CONTINENT,17253
2007,HAS_ROUTE,8875
2008,IN_REGION,16976
2009,HAS_ROUTE,8772
2010,HAS_ROUTE,8944
2011,HAS_ROUTE,8762
2012,HAS_ROUTE,8946
2013,HAS_ROUTE,8690
2014,HAS_ROUTE,9107
2015,HAS_ROUTE,10197
2016,HAS_ROUTE,8901
2017,HAS_ROUTE,9188
2018,HAS_ROUTE,8842
2019,IN_CITY,13942
2020,IN_COUNTRY,17121
2021,IN_CITY,14605
2022,HAS_ROUTE,8832
2023,HAS_ROUTE,12129
2024,HAS_ROUTE,10205
2025,HAS_ROUTE,8963
2026,HAS_ROUTE,8905
2027,HAS_ROUTE,8739
2028,HAS_ROUTE,8710
2029,IN_CITY,15081
2030,HAS_ROUTE,9180
2031,HAS_ROUTE,8725
2032,IN_REGION,16048
2033,ON_CONTINENT,17248
2034,HAS_ROUTE,8719
2035,HAS_ROUTE,8832
2036,HAS_ROUTE,9105
2037,HAS_ROUTE,10144
2038,HAS_ROUTE,9046
2039,HAS_ROUTE,8875
2040,HAS_ROUTE,9132
2041,HAS_ROUTE,9152
2042,HAS_ROUTE,8729
2043,HAS_ROUTE,8669
2044,HAS_ROUTE,8752
2045,HAS_ROUTE,9982
2046,IN_REGION,16071
2047,IN_REGION,15583
2048,IN_COUNTRY,17113
2049,HAS_ROUTE,8805
2050,HAS_ROUTE,8798
2051,HAS_ROUTE,8749
2052,IN_COUNTRY,17122
2053,ON_CONTINENT,17250
2054,HAS_ROUTE,8804
2055,HAS_ROUTE,8767
2056,HAS_ROUTE,8952
2057,HAS_ROUTE,9860
2058,HAS_ROUTE,9298
2059,ON_CONTINENT,17253
2060,HAS_ROUTE,8752
2061,HAS_ROUTE,10155
2062,IN_COUNTRY,17129
2063,HAS_ROUTE,9854
2064,HAS_ROUTE,8740
2065,HAS_ROUTE,8998
2066,HAS_ROUTE,8972
2067,HAS_ROUTE,10673
2068,IN_CITY,12248
2069,HAS_ROUTE,9856
2070,ON_CONTINENT,17248
2071,HAS_ROUTE,8806
2072,HAS_ROUTE,10029
2073,HAS_ROUTE,8968
2074,IN_REGION,15550
2075,HAS_ROUTE,8856
2076,HAS_ROUTE,8729
2077,ON_CONTINENT,17248
2078,HAS_ROUTE,9111
2079,IN_COUNTRY,17152
2080,IN_CITY,14801
2081,HAS_ROUTE,11274
2082,HAS_ROUTE,9111
2083,HAS_ROUTE,11249
2084,ON_CONTINENT,17250
2085,HAS_ROUTE,9196
2086,HAS_ROUTE,8762
2087,HAS_ROUTE,8799
2088,HAS_ROUTE,8832
2089,HAS_ROUTE,9326
2090,HAS_ROUTE,8956
2091,HAS_ROUTE,9531
2092,HAS_ROUTE,8644
2093,HAS_ROUTE,9367
2094,IN_REGION,15765
2095,HAS_ROUTE,9994
2096,HAS_ROUTE,8627
2097,ON_CONTINENT,17248
2098,IN_REGION,16078
2099,IN_CITY,15052
2100,IN_COUNTRY,17199
2101,IN_COUNTRY,17125
2102,ON_CONTINENT,17248
2103,HAS_ROUTE,11863
2104,HAS_ROUTE,8878
2105,ON_CONTINENT,17251
2106,HAS_ROUTE,8680
2107,ON_CONTINENT,17249
2108,HAS_ROUTE,8686
2109,IN_REGION,15907
2110,ON_CONTINENT,17248
2111,IN_COUNTRY,17080
2112,HAS_ROUTE,10781
2113,HAS_ROUTE,11255
2114,HAS_ROUTE,9059
2115,HAS_ROUTE,10339
2116,HAS_ROUTE,10159
2117,HAS_ROUTE,8647
2118,HAS_ROUTE,9164
2119,IN_REGION,16106
2120,HAS_ROUTE,8856
2121,HAS_ROUTE,8803
2122,HAS_ROUTE,9522
2123,IN_COUNTRY,17040
2124,HAS_ROUTE,10121
2125,HAS_ROUTE,11616
2126,HAS_ROUTE,8631
2127,HAS_ROUTE,10624
2128,IN_COUNTRY,17026
2129,IN_REGION,15490
2130,HAS_ROUTE,9319
2131,ON_CONTINENT,17253
2132,ON_CONTINENT,17248
2133,HAS_ROUTE,8648
2134,IN_COUNTRY,17044
2135,HAS_ROUTE,11259
2136,ON_CONTINENT,17248
2137,HAS_ROUTE,8695
2138,IN_REGION,15515
2139,HAS_ROUTE,8761
2140,HAS_ROUTE,8877
2141,HAS_ROUTE,9554
2142,HAS_ROUTE,8790
2143,ON_CONTINENT,17250
2144,HAS_ROUTE,8634
2145,IN_COUNTRY,17227
2146,IN_COUNTRY,17044
2147,IN_REGION,16059
2148,IN_COUNTRY,17078
2149,HAS_ROUTE,8740
2150,HAS_ROUTE,8672
2151,IN_COUNTRY,17021
2152,ON_CONTINENT,17250
2153,HAS_ROUTE,9426
2154,HAS_ROUTE,8637
2155,HAS_ROUTE,9150
2156,IN_CITY,14785
2157,HAS_ROUTE,8760
2158,IN_COUNTRY,17135
2159,HAS_ROUTE,10110
2160,IN_CITY,15000
2161,HAS_ROUTE,8796
2162,IN_CITY,15444
2163,HAS_ROUTE,10146
2164,ON_CONTINENT,17249
2165,HAS_ROUTE,8690
2166,ON_CONTINENT,17249
2167,HAS_ROUTE,10670
2168,IN_REGION,16256
2169,HAS_ROUTE,9126
2170,HAS_ROUTE,8960
2171,HAS_ROUTE,8657
2172,IN_CITY,12300
2173,IN_REGION,15518
2174,IN_REGION,15534
2175,HAS_ROUTE,9471
2176,HAS_ROUTE,8674
2177,ON_CONTINENT,17248
2178,HAS_ROUTE,8876
2179,HAS_ROUTE,10569
2180,HAS_ROUTE,8684
2181,IN_REGION,16206
2182,HAS_ROUTE,8657
2183,HAS_ROUTE,8698
2184,HAS_ROUTE,10118
2185,HAS_ROUTE,10515
2186,IN_COUNTRY,17016
2187,IN_REGION,15959
2188,IN_CITY,12376
2189,HAS_ROUTE,8894
2190,IN_COUNTRY,17021
2191,HAS_ROUTE,9433
2192,HAS_ROUTE,11505
2193,IN_CITY,15297
2194,HAS_ROUTE,10153
2195,HAS_ROUTE,9776
2196,ON_CONTINENT,17250
2197,HAS_ROUTE,11909
2198,HAS_ROUTE,8852
2199,HAS_ROUTE,9303
2200,IN_COUNTRY,17027
2201,HAS_ROUTE,9078
2202,HAS_ROUTE,8703
2203,HAS_ROUTE,8754
2204,ON_CONTINENT,17249
2205,IN_COUNTRY,17016
2206,HAS_ROUTE,9298
2207,HAS_ROUTE,8656
2208,HAS_ROUTE,8694
2209,HAS_ROUTE,8734
2210,IN_REGION,16982
2211,HAS_ROUTE,9175
2212,IN_COUNTRY,17114
2213,IN_COUNTRY,17027
2214,IN_CITY,12393
2215,IN_CITY,15416
2216,IN_REGION,15630
2217,HAS_ROUTE,8884
2218,HAS_ROUTE,8643
2219,HAS_ROUTE,8629
2220,ON_CONTINENT,17248
2221,HAS_ROUTE,9193
2222,HAS_ROUTE,8682
2223,HAS_ROUTE,8849
2224,HAS_ROUTE,9173
2225,HAS_ROUTE,10988
2226,IN_COUNTRY,17065
2227,HAS_ROUTE,8931
2228,HAS_ROUTE,8811
2229,HAS_ROUTE,9297
2230,IN_COUNTRY,17091
2231,IN_REGION,16816
2232,HAS_ROUTE,8739
2233,ON_CONTINENT,17252
2234,HAS_ROUTE,8825
2235,IN_CITY,13990
2236,IN_REGION,15499
2237,IN_COUNTRY,17023
2238,HAS_ROUTE,9531
2239,IN_COUNTRY,17016
2240,ON_CONTINENT,17250
2241,IN_COUNTRY,17018
2242,IN_COUNTRY,17016
2243,ON_CONTINENT,17249
2244,IN_COUNTRY,17123
2245,IN_COUNTRY,17044
2246,HAS_ROUTE,8787
2247,HAS_ROUTE,9124
2248,IN_REGION,16690
2249,ON_CONTINENT,17250
2250,HAS_ROUTE,9670
2251,HAS_ROUTE,8970
2252,HAS_ROUTE,8700
2253,HAS_ROUTE,9808
2254,HAS_ROUTE,8696
2255,HAS_ROUTE,8748
2256,IN_REGION,15847
2257,IN_CITY,13503
2258,HAS_ROUTE,9824
2259,IN_COUNTRY,17057
2260,ON_CONTINENT,17248
2261,HAS_ROUTE,9316
2262,HAS_ROUTE,8703
2263,IN_REGION,16683
2264,HAS_ROUTE,10122
2265,HAS_ROUTE,9356
2266,ON_CONTINENT,17253
2267,IN_REGION,15790
2268,IN_CITY,12625
2269,HAS_ROUTE,12056
2270,HAS_ROUTE,11296
2271,HAS_ROUTE,9080
2272,HAS_ROUTE,9911
2273,IN_COUNTRY,17208
2274,HAS_ROUTE,8812
2275,HAS_ROUTE,9609
2276,IN_CITY,13366
2277,IN_COUNTRY,17018
2278,HAS_ROUTE,8986
2279,ON_CONTINENT,17253
2280,HAS_ROUTE,9597
2281,HAS_ROUTE,9081
2282,HAS_ROUTE,8893
2283,ON_CONTINENT,17249
2284,HAS_ROUTE,9442
2285,IN_CITY,14677
2286,IN_COUNTRY,17031
2287,ON_CONTINENT,17248
2288,IN_REGION,15942
2289,ON_CONTINENT,17248
2290,IN_REGION,16102
2291,ON_CONTINENT,17248
2292,HAS_ROUTE,11264
2293,IN_REGION,16510
2294,HAS_ROUTE,8902
2295,IN_COUNTRY,17060
2296,HAS_ROUTE,11572
2297,ON_CONTINENT,17248
2298,HAS_ROUTE,11995
2299,HAS_ROUTE,8637
2300,IN_CITY,14780
2301,HAS_ROUTE,9279
2302,HAS_ROUTE,8694
2303,IN_COUNTRY,17229
2304,HAS_ROUTE,9452
2305,IN_COUNTRY,17118
2306,HAS_ROUTE,9125
2307,IN_COUNTRY,17057
2308,HAS_ROUTE,10611
2309,IN_REGION,15514
2310,HAS_ROUTE,9410
2311,HAS_ROUTE,9831
2312,IN_COUNTRY,17106
2313,HAS_ROUTE,8885
2314,HAS_ROUTE,8678
2315,HAS_ROUTE,9417
2316,HAS_ROUTE,8884
2317,IN_COUNTRY,17161
2318,IN_COUNTRY,17040
2319,IN_REGION,15885
2320,IN_CITY,14867
2321,HAS_ROUTE,8773
2322,HAS_ROUTE,8923
2323,HAS_ROUTE,8686
2324,HAS_ROUTE,8911
2325,IN_CITY,12328
2326,HAS_ROUTE,8804
2327,HAS_ROUTE,8728
2328,HAS_ROUTE,9450
2329,HAS_ROUTE,8637
2330,HAS_ROUTE,8710
2331,HAS_ROUTE,8938
2332,IN_REGION,16868
2333,HAS_ROUTE,11013
2334,IN_REGION,15541
2335,IN_REGION,15551
2336,HAS_ROUTE,8655
2337,HAS_ROUTE,11883
2338,HAS_ROUTE,8902
2339,HAS_ROUTE,8698
2340,IN_REGION,16760
2341,HAS_ROUTE,8680
2342,HAS_ROUTE,8804
2343,HAS_ROUTE,8830
2344,HAS_ROUTE,8673
2345,HAS_ROUTE,8683
2346,HAS_ROUTE,8765
2347,HAS_ROUTE,9408
2348,HAS_ROUTE,8720
2349,HAS_ROUTE,8761
2350,HAS_ROUTE,8673
2351,IN_COUNTRY,17016
2352,HAS_ROUTE,8803
2353,HAS_ROUTE,9262
2354,HAS_ROUTE,8684
2355,ON_CONTINENT,17252
2356,HAS_ROUTE,9137
2357,HAS_ROUTE,9093
2358,HAS_ROUTE,8674
2359,IN_COUNTRY,17016
2360,IN_COUNTRY,17172
2361,HAS_ROUTE,9176
2362,HAS_ROUTE,8870
2363,IN_CITY,14025
2364,HAS_ROUTE,8706
2365,IN_REGION,16274
2366,HAS_ROUTE,9284
2367,HAS_ROUTE,8978
2368,HAS_ROUTE,8732
2369,HAS_ROUTE,8972
2370,HAS_ROUTE,8682
2371,IN_COUNTRY,17065
2372,HAS_ROUTE,8912
2373,IN_COUNTRY,17016
2374,IN_REGION,16192
2375,IN_REGION,15785
2376,HAS_ROUTE,8811
2377,HAS_ROUTE,8673
2378,HAS_ROUTE,9707
2379,HAS_ROUTE,8809
2380,HAS_ROUTE,8673
2381,HAS_ROUTE,9665
2382,HAS_ROUTE,8701
2383,HAS_ROUTE,8956
2384,IN_COUNTRY,17046
2385,HAS_ROUTE,8805
2386,HAS_ROUTE,8697
2387,HAS_ROUTE,8637
2388,HAS_ROUTE,11281
2389,HAS_ROUTE,9316
2390,HAS_ROUTE,10136
2391,IN_COUNTRY,17093
2392,HAS_ROUTE,10422
2393,HAS_ROUTE,10280
2394,IN_COUNTRY,17019
2395,IN_CITY,15253
2396,HAS_ROUTE,8875
2397,IN_COUNTRY,17066
2398,IN_COUNTRY,17033
2399,ON_CONTINENT,17248
2400,HAS_ROUTE,8962
2401,ON_CONTINENT,17248
2402,IN_REGION,16131
2403,HAS_ROUTE,10788
2404,HAS_ROUTE,11672
2405,HAS_ROUTE,8728
2406,IN_COUNTRY,17019
2407,HAS_ROUTE,8897
2408,IN_COUNTRY,17093
2409,HAS_ROUTE,8685
2410,HAS_ROUTE,8766
2411,ON_CONTINENT,17251
2412,HAS_ROUTE,9186
2413,HAS_ROUTE,8634
2414,IN_COUNTRY,17069
2415,ON_CONTINENT,17250
2416,HAS_ROUTE,9905
2417,HAS_ROUTE,9115
2418,IN_REGION,16854
2419,ON_CONTINENT,17251
2420,ON_CONTINENT,17248
2421,HAS_ROUTE,11519
2422,HAS_ROUTE,9419
2423,IN_COUNTRY,17051
2424,ON_CONTINENT,17251
2425,ON_CONTINENT,17248
2426,IN_COUNTRY,17046
2427,IN_COUNTRY,17016
2428,ON_CONTINENT,17248
2429,HAS_ROUTE,8727
2430,HAS_ROUTE,8637
2431,HAS_ROUTE,8703
2432,IN_COUNTRY,17053
2433,HAS_ROUTE,8719
2434,HAS_ROUTE,8963
2435,HAS_ROUTE,8857
2436,IN_CITY,12153
2437,HAS_ROUTE,9285
2438,HAS_ROUTE,9336
2439,HAS_ROUTE,10559
2440,HAS_ROUTE,8787
2441,HAS_ROUTE,8654
2442,IN_COUNTRY,17027
2443,IN_REGION,16740
2444,ON_CONTINENT,17250
2445,HAS_ROUTE,8970
2446,HAS_ROUTE,9972
2447,HAS_ROUTE,10167
2448,ON_CONTINENT,17250
2449,ON_CONTINENT,17248
2450,HAS_ROUTE,8874
2451,IN_CITY,13229
2452,HAS_ROUTE,9856
2453,HAS_ROUTE,8720
2454,HAS_ROUTE,8679
2455,HAS_ROUTE,8773
2456,HAS_ROUTE,8799
2457,HAS_ROUTE,8739
2458,HAS_ROUTE,8864
2459,IN_REGION,16738
2460,IN_REGION,15508
2461,ON_CONTINENT,17250
2462,HAS_ROUTE,8667
2463,HAS_ROUTE,9109
2464,ON_CONTINENT,17248
2465,IN_COUNTRY,17018
2466,HAS_ROUTE,8673
2467,HAS_ROUTE,9900
2468,HAS_ROUTE,8681
2469,HAS_ROUTE,9621
2470,IN_COUNTRY,17155
2471,HAS_ROUTE,8842
2472,IN_COUNTRY,17020
2473,HAS_ROUTE,10426
2474,HAS_ROUTE,8958
2475,ON_CONTINENT,17250
2476,HAS_ROUTE,8693
2477,IN_COUNTRY,17043
2478,IN_CITY,13948
2479,HAS_ROUTE,10944
2480,HAS_ROUTE,9941
2481,HAS_ROUTE,8702
2482,HAS_ROUTE,8701
2483,HAS_ROUTE,8701
2484,HAS_ROUTE,8801
2485,HAS_ROUTE,8706
2486,HAS_ROUTE,8923
2487,ON_CONTINENT,17249
2488,HAS_ROUTE,11906
2489,IN_REGION,16556
2490,IN_REGION,16832
2491,HAS_ROUTE,11299
2492,HAS_ROUTE,8689
2493,IN_COUNTRY,17024
2494,IN_REGION,16452
2495,HAS_ROUTE,8648
2496,IN_COUNTRY,17053
2497,HAS_ROUTE,8644
2498,HAS_ROUTE,9461
2499,HAS_ROUTE,11049
2500,HAS_ROUTE,8678
2501,HAS_ROUTE,9410
2502,IN_REGION,15506
2503,ON_CONTINENT,17248
2504,HAS_ROUTE,8781
2505,HAS_ROUTE,8627
2506,HAS_ROUTE,8679
2507,IN_CITY,13086
2508,HAS_ROUTE,9340
2509,HAS_ROUTE,8711
2510,HAS_ROUTE,8801
2511,ON_CONTINENT,17250
2512,HAS_ROUTE,9296
2513,HAS_ROUTE,8757
2514,HAS_ROUTE,8787
2515,IN_COUNTRY,17093
2516,IN_REGION,16619
2517,HAS_ROUTE,8980
2518,HAS_ROUTE,8714
2519,HAS_ROUTE,9108
2520,HAS_ROUTE,10009
2521,HAS_ROUTE,9407
2522,HAS_ROUTE,8958
2523,HAS_ROUTE,8886
2524,IN_REGION,15620
2525,ON_CONTINENT,17249
2526,HAS_ROUTE,8732
2527,HAS_ROUTE,8888
2528,HAS_ROUTE,9193
2529,HAS_ROUTE,9129
2530,HAS_ROUTE,9432
2531,IN_CITY,13331
2532,HAS_ROUTE,9668
2533,IN_REGION,16394
2534,HAS_ROUTE,8693
2535,HAS_ROUTE,9480
2536,HAS_ROUTE,8919
2537,IN_REGION,15946
2538,ON_CONTINENT,17253
2539,IN_COUNTRY,17068
2540,HAS_ROUTE,8782
2541,HAS_ROUTE,8911
2542,HAS_ROUTE,8729
2543,HAS_ROUTE,9761
2544,HAS_ROUTE,10660
2545,HAS_ROUTE,8900
2546,HAS_ROUTE,8702
2547,IN_CITY,12284
2548,IN_COUNTRY,17031
2549,HAS_ROUTE,8733
2550,HAS_ROUTE,9300
2551,IN_COUNTRY,17022
2552,HAS_ROUTE,8787
2553,HAS_ROUTE,8630
2554,ON_CONTINENT,17253
2555,HAS_ROUTE,8772
2556,IN_COUNTRY,17057
2557,IN_REGION,15509
2558,HAS_ROUTE,8648
2559,ON_CONTINENT,17249
2560,HAS_ROUTE,8876
2561,HAS_ROUTE,8844
2562,HAS_ROUTE,10644
2563,HAS_ROUTE,8702
2564,HAS_ROUTE,8787
2565,HAS_ROUTE,10361
2566,ON_CONTINENT,17250
2567,IN_COUNTRY,17022
2568,IN_REGION,16778
2569,HAS_ROUTE,8705
2570,HAS_ROUTE,8663
2571,HAS_ROUTE,9865
2572,HAS_ROUTE,10055
2573,ON_CONTINENT,17251
2574,IN_CITY,14477
2575,HAS_ROUTE,8816
2576,IN_COUNTRY,17031
2577,ON_CONTINENT,17250
2578,ON_CONTINENT,17253
2579,HAS_ROUTE,10447
2580,ON_CONTINENT,17250
2581,HAS_ROUTE,8671
2582,HAS_ROUTE,11749
2583,HAS_ROUTE,8877
2584,HAS_ROUTE,9142
2585,HAS_ROUTE,8678
2586,IN_REGION,15491
2587,HAS_ROUTE,8634
2588,ON_CONTINENT,17250
2589,HAS_ROUTE,9117
2590,IN_CITY,14755
2591,HAS_ROUTE,8639
2592,ON_CONTINENT,17248
2593,ON_CONTINENT,17252
2594,HAS_ROUTE,8694
2595,IN_COUNTRY,17106
2596,HAS_ROUTE,11132
2597,HAS_ROUTE,8697
2598,IN_COUNTRY,17031
2599,IN_REGION,16206
2600,HAS_ROUTE,8694
2601,IN_CITY,13637
2602,IN_COUNTRY,17053
2603,HAS_ROUTE,8627
2604,HAS_ROUTE,8669
2605,IN_COUNTRY,17129
2606,HAS_ROUTE,8869
2607,HAS_ROUTE,8767
2608,HAS_ROUTE,9084
2609,HAS_ROUTE,8636
2610,HAS_ROUTE,9305
2611,IN_COUNTRY,17018
2612,HAS_ROUTE,8874
2613,ON_CONTINENT,17249
2614,HAS_ROUTE,9419
2615,HAS_ROUTE,8637
2616,HAS_ROUTE,9476
2617,IN_REGION,16378
2618,HAS_ROUTE,8886
2619,HAS_ROUTE,8658
2620,IN_COUNTRY,17246
2621,HAS_ROUTE,9555
2622,HAS_ROUTE,8852
2623,HAS_ROUTE,10095
2624,HAS_ROUTE,9303
2625,IN_CITY,12248
2626,IN_COUNTRY,17117
2627,IN_REGION,15566
2628,IN_COUNTRY,17053
2629,IN_CITY,12220
2630,IN_COUNTRY,17042
2631,ON_CONTINENT,17252
2632,ON_CONTINENT,17250
2633,HAS_ROUTE,8635
2634,HAS_ROUTE,9900
2635,IN_COUNTRY,17018
2636,HAS_ROUTE,9028
2637,HAS_ROUTE,8716
2638,HAS_ROUTE,8877
2639,HAS_ROUTE,8954
2640,IN_REGION,15913
2641,HAS_ROUTE,8763
2642,HAS_ROUTE,8643
2643,HAS_ROUTE,9364
2644,ON_CONTINENT,17250
2645,HAS_ROUTE,8734
2646,HAS_ROUTE,8746
2647,HAS_ROUTE,8682
2648,IN_CITY,12800
2649,IN_REGION,16085
2650,HAS_ROUTE,8684
2651,HAS_ROUTE,8732
2652,HAS_ROUTE,11595
2653,HAS_ROUTE,8700
2654,IN_REGION,15859
2655,ON_CONTINENT,17252
2656,IN_COUNTRY,17069
2657,HAS_ROUTE,9417
2658,HAS_ROUTE,8801
2659,HAS_ROUTE,9075
2660,IN_COUNTRY,17023
2661,IN_CITY,14142
2662,HAS_ROUTE,10200
2663,IN_REGION,15516
2664,HAS_ROUTE,9554
2665,HAS_ROUTE,8631
2666,HAS_ROUTE,9073
2667,IN_COUNTRY,17016
2668,HAS_ROUTE,9696
2669,HAS_ROUTE,8675
2670,ON_CONTINENT,17250
2671,HAS_ROUTE,9331
2672,HAS_ROUTE,11863
2673,IN_REGION,16695
2674,HAS_ROUTE,9113
2675,HAS_ROUTE,9015
2676,HAS_ROUTE,9064
2677,HAS_ROUTE,9142
2678,HAS_ROUTE,8799
2679,HAS_ROUTE,9085
2680,IN_CITY,14685
2681,HAS_ROUTE,9173
2682,HAS_ROUTE,9412
2683,ON_CONTINENT,17249
2684,HAS_ROUTE,8634
2685,HAS_ROUTE,9424
2686,HAS_ROUTE,8742
2687,ON_CONTINENT,17248
2688,HAS_ROUTE,9809
2689,HAS_ROUTE,10581
2690,HAS_ROUTE,8694
2691,HAS_ROUTE,10210
2692,HAS_ROUTE,9138
2693,IN_REGION,15693
2694,HAS_ROUTE,8787
2695,ON_CONTINENT,17253
2696,HAS_ROUTE,8902
2697,HAS_ROUTE,8643
2698,HAS_ROUTE,9097
2699,IN_CITY,12661
2700,IN_COUNTRY,17050
2701,HAS_ROUTE,8666
2702,IN_REGION,15804
2703,HAS_ROUTE,10502
2704,ON_CONTINENT,17248
2705,IN_COUNTRY,17042
2706,IN_REGION,16059
2707,ON_CONTINENT,17249
2708,ON_CONTINENT,17253
2709,IN_COUNTRY,17041
2710,HAS_ROUTE,9253
2711,ON_CONTINENT,17250
2712,ON_CONTINENT,17250
2713,HAS_ROUTE,8700
2714,HAS_ROUTE,8843
2715,IN_COUNTRY,17044
2716,IN_REGION,15517
2717,HAS_ROUTE,11311
2718,IN_REGION,15517
2719,HAS_ROUTE,9148
2720,HAS_ROUTE,8699
2721,HAS_ROUTE,8659
2722,IN_CITY,14817
2723,HAS_ROUTE,8640
2724,HAS_ROUTE,8944
2725,ON_CONTINENT,17249
2726,HAS_ROUTE,8735
2727,HAS_ROUTE,11492
2728,HAS_ROUTE,9679
2729,IN_REGION,15719
2730,IN_REGION,15519
2731,HAS_ROUTE,9419
2732,HAS_ROUTE,9773
2733,HAS_ROUTE,9256
2734,HAS_ROUTE,9710
2735,HAS_ROUTE,8675
2736,HAS_ROUTE,8739
2737,IN_CITY,13260
2738,IN_COUNTRY,17043
2739,HAS_ROUTE,10191
2740,HAS_ROUTE,9419
2741,HAS_ROUTE,10565
2742,HAS_ROUTE,8962
2743,IN_REGION,15717
2744,IN_REGION,16294
2745,HAS_ROUTE,8627
2746,IN_REGION,15499
2747,IN_COUNTRY,17131
2748,HAS_ROUTE,12129
2749,HAS_ROUTE,9808
2750,ON_CONTINENT,17248
2751,HAS_ROUTE,8686
2752,ON_CONTINENT,17250
2753,HAS_ROUTE,8958
2754,HAS_ROUTE,8843
2755,HAS_ROUTE,9108
2756,IN_REGION,16056
2757,HAS_ROUTE,8685
2758,HAS_ROUTE,8856
2759,IN_CITY,12993
2760,HAS_ROUTE,8791
2761,HAS_ROUTE,8642
2762,IN_REGION,16601
2763,HAS_ROUTE,10863
2764,IN_COUNTRY,17016
2765,ON_CONTINENT,17252
2766,HAS_ROUTE,8634
2767,HAS_ROUTE,9995
2768,HAS_ROUTE,9305
2769,HAS_ROUTE,9900
2770,HAS_ROUTE,8735
2771,ON_CONTINENT,17250
2772,HAS_ROUTE,9085
2773,HAS_ROUTE,10055
2774,IN_REGION,16936
2775,HAS_ROUTE,9138
2776,ON_CONTINENT,17248
2777,HAS_ROUTE,9065
2778,HAS_ROUTE,11398
2779,HAS_ROUTE,8723
2780,HAS_ROUTE,10887
2781,IN_COUNTRY,17145
2782,IN_CITY,13452
2783,HAS_ROUTE,10758
2784,HAS_ROUTE,9695
2785,HAS_ROUTE,8944
2786,HAS_ROUTE,11175
2787,HAS_ROUTE,8752
2788,IN_COUNTRY,17016
2789,HAS_ROUTE,8741
2790,ON_CONTINENT,17250
2791,IN_CITY,12901
2792,HAS_ROUTE,10747
2793,HAS_ROUTE,9218
2794,HAS_ROUTE,9085
2795,IN_REGION,15643
2796,HAS_ROUTE,8719
2797,ON_CONTINENT,17251
2798,HAS_ROUTE,8686
2799,HAS_ROUTE,10016
2800,IN_REGION,16454
2801,HAS_ROUTE,9416
2802,ON_CONTINENT,17248
2803,HAS_ROUTE,9079
2804,HAS_ROUTE,8634
2805,HAS_ROUTE,8635
2806,HAS_ROUTE,9128
2807,HAS_ROUTE,8651
2808,HAS_ROUTE,9413
2809,HAS_ROUTE,11444
2810,HAS_ROUTE,8754
2811,IN_COUNTRY,17032
2812,HAS_ROUTE,8696
2813,ON_CONTINENT,17248
2814,HAS_ROUTE,8696
2815,HAS_ROUTE,9433
2816,HAS_ROUTE,9467
2817,HAS_ROUTE,8744
2818,ON_CONTINENT,17253
2819,HAS_ROUTE,9136
2820,HAS_ROUTE,8637
2821,HAS_ROUTE,8831
2822,HAS_ROUTE,9094
2823,ON_CONTINENT,17250
2824,ON_CONTINENT,17248
2825,HAS_ROUTE,8723
2826,ON_CONTINENT,17250
2827,ON_CONTINENT,17249
2828,HAS_ROUTE,9048
2829,HAS_ROUTE,9477
2830,HAS_ROUTE,9479
2831,HAS_ROUTE,8702
2832,IN_CITY,13493
2833,IN_CITY,14314
2834,ON_CONTINENT,17248
2835,HAS_ROUTE,11455
2836,IN_REGION,15981
2837,HAS_ROUTE,10114
2838,HAS_ROUTE,9577
2839,HAS_ROUTE,9077
2840,HAS_ROUTE,8705
2841,IN_COUNTRY,17016
2842,HAS_ROUTE,9152
2843,HAS_ROUTE,8879
2844,HAS_ROUTE,9336
2845,IN_REGION,16556
2846,HAS_ROUTE,10208
2847,IN_CITY,15413
2848,IN_CITY,15103
2849,HAS_ROUTE,9367
2850,ON_CONTINENT,17248
2851,IN_COUNTRY,17182
2852,IN_CITY,13885
2853,HAS_ROUTE,8739
2854,HAS_ROUTE,9936
2855,HAS_ROUTE,9145
2856,HAS_ROUTE,9284
2857,HAS_ROUTE,9413
2858,IN_REGION,15955
2859,HAS_ROUTE,8810
2860,HAS_ROUTE,8680
2861,HAS_ROUTE,8774
2862,HAS_ROUTE,8705
2863,HAS_ROUTE,8722
2864,HAS_ROUTE,8891
2865,IN_COUNTRY,17016
2866,HAS_ROUTE,8772
2867,HAS_ROUTE,9661
2868,IN_COUNTRY,17018
2869,HAS_ROUTE,8881
2870,IN_CITY,14176
2871,ON_CONTINENT,17248
2872,HAS_ROUTE,8881
2873,HAS_ROUTE,8678
2874,HAS_ROUTE,10054
2875,HAS_ROUTE,8874
2876,IN_COUNTRY,17034
2877,HAS_ROUTE,8752
2878,HAS_ROUTE,8866
2879,HAS_ROUTE,8666
2880,HAS_ROUTE,9186
2881,HAS_ROUTE,8792
2882,ON_CONTINENT,17250
2883,HAS_ROUTE,9032
2884,IN_REGION,16548
2885,IN_REGION,16076
2886,IN_CITY,14481
2887,ON_CONTINENT,17250
2888,HAS_ROUTE,8721
2889,HAS_ROUTE,9436
2890,HAS_ROUTE,10333
2891,IN_CITY,13423
2892,HAS_ROUTE,8733
2893,HAS_ROUTE,9125
2894,HAS_ROUTE,8731
2895,HAS_ROUTE,8740
2896,ON_CONTINENT,17250
2897,IN_CITY,12673
2898,HAS_ROUTE,9132
2899,HAS_ROUTE,8767
2900,ON_CONTINENT,17253
2901,ON_CONTINENT,17248
2902,IN_COUNTRY,17230
2903,HAS_ROUTE,9304
2904,HAS_ROUTE,8637
2905,HAS_ROUTE,11035
2906,IN_REGION,16797
2907,HAS_ROUTE,9408
2908,IN_COUNTRY,17016
2909,HAS_ROUTE,8706
2910,IN_REGION,16129
2911,ON_CONTINENT,17251
2912,HAS_ROUTE,8874
2913,HAS_ROUTE,9485
2914,IN_COUNTRY,17047
2915,HAS_ROUTE,11067
2916,IN_CITY,12450
2917,IN_CITY,13944
2918,HAS_ROUTE,9032
2919,HAS_ROUTE,9123
2920,HAS_ROUTE,8869
2921,HAS_ROUTE,11563
2922,HAS_ROUTE,9290
2923,HAS_ROUTE,8637
2924,IN_COUNTRY,17105
2925,HAS_ROUTE,8791
2926,HAS_ROUTE,8628
2927,HAS_ROUTE,9126
2928,HAS_ROUTE,8648
2929,HAS_ROUTE,8687
2930,HAS_ROUTE,10017
2931,HAS_ROUTE,8787
2932,HAS_ROUTE,8955
2933,HAS_ROUTE,8736
2934,ON_CONTINENT,17248
2935,IN_CITY,13989
2936,HAS_ROUTE,8766
2937,HAS_ROUTE,10015
2938,HAS_ROUTE,8923
2939,IN_COUNTRY,17192
2940,ON_CONTINENT,17250
2941,IN_CITY,13447
2942,IN_REGION,16355
2943,ON_CONTINENT,17250
2944,HAS_ROUTE,8725
2945,HAS_ROUTE,9299
2946,ON_CONTINENT,17250
2947,IN_REGION,15571
2948,HAS_ROUTE,8701
2949,HAS_ROUTE,9418
2950,IN_COUNTRY,17106
2951,HAS_ROUTE,8739
2952,ON_CONTINENT,17250
2953,HAS_ROUTE,9479
2954,IN_CITY,13950
2955,HAS_ROUTE,8754
2956,HAS_ROUTE,11457
2957,HAS_ROUTE,8717
2958,HAS_ROUTE,9137
2959,HAS_ROUTE,8721
2960,HAS_ROUTE,9145
2961,IN_REGION,15756
2962,HAS_ROUTE,9367
2963,HAS_ROUTE,8875
2964,HAS_ROUTE,8738
2965,HAS_ROUTE,9997
2966,HAS_ROUTE,9081
2967,ON_CONTINENT,17250
2968,HAS_ROUTE,11263
2969,HAS_ROUTE,9342
2970,ON_CONTINENT,17249
2971,HAS_ROUTE,8684
2972,IN_REGION,15534
2973,ON_CONTINENT,17250
2974,HAS_ROUTE,9416
2975,IN_COUNTRY,17016
2976,HAS_ROUTE,11941
2977,HAS_ROUTE,8720
2978,ON_CONTINENT,17250
2979,HAS_ROUTE,8765
2980,HAS_ROUTE,8841
2981,IN_REGION,16828
2982,HAS_ROUTE,8962
2983,HAS_ROUTE,9201
2984,HAS_ROUTE,9310
2985,IN_CITY,13022
2986,HAS_ROUTE,8703
2987,HAS_ROUTE,9881
2988,HAS_ROUTE,10008
2989,IN_CITY,12274
2990,ON_CONTINENT,17250
2991,IN_COUNTRY,17019
2992,HAS_ROUTE,9643
2993,HAS_ROUTE,11319
2994,IN_CITY,12391
2995,IN_COUNTRY,17027
2996,HAS_ROUTE,9301
2997,HAS_ROUTE,8644
2998,IN_COUNTRY,17023
2999,HAS_ROUTE,8804
